Base	N-Count	sample
1	8.87033608816e-05	BC5_run3
2	0.00171493164371	BC5_run3
3	0.000946169182737	BC5_run3
4	0.00387338009183	BC5_run3
5	0.0764918648669	BC5_run3
6	0.00201060951332	BC5_run3
7	0.00357770222223	BC5_run3
8	0.00189233836547	BC5_run3
9	0.0107035388797	BC5_run3
10	0.00274980418733	BC5_run3
11	0.00848595485768	BC5_run3
12	0.0074215145271	BC5_run3
13	0.0281781009734	BC5_run3
14	0.0125367416713	BC5_run3
15	0.0117384114233	BC5_run3
16	0.0141334021671	BC5_run3
17	0.0128028517539	BC5_run3
18	0.012004521506	BC5_run3
19	0.00715540444445	BC5_run3
20	0.00901817502297	BC5_run3
21	0.00461257476585	BC5_run3
22	0.0116792758494	BC5_run3
23	0.00490825263545	BC5_run3
24	0.00150795713499	BC5_run3
25	0.00440560025712	BC5_run3
26	0.000118736007704	BC5_run3
27	0.0	BC5_run3
28	0.000566588795498	BC5_run3
29	0.0	BC5_run3
30	0.00188798495366	BC5_run3
31	0.00654554800649	BC5_run3
32	0.0116733542752	BC5_run3
33	0.0111235141141	BC5_run3
34	0.0019634318372	BC5_run3
35	0.00344919189065	BC5_run3
36	0.0024845917437	BC5_run3
37	0.0117146694976	BC5_run3
38	0.00534928717709	BC5_run3
39	0.00127894176704	BC5_run3
40	0.000152522818939	BC5_run3
41	0.00308362391146	BC5_run3
42	0.00168040371241	BC5_run3
43	0.0019261861026	BC5_run3
44	0.00208041603426	BC5_run3
45	0.00183717486598	BC5_run3
46	0.00622130499687	BC5_run3
47	0.000184068785278	BC5_run3
48	0.000737017211502	BC5_run3
49	0.000368832656935	BC5_run3
50	0.00526087478195	BC5_run3
51	0.00154015523533	BC5_run3
52	0.0040401784957	BC5_run3
53	0.00030918151614	BC5_run3
54	0.0	BC5_run3
55	0.0	BC5_run3
56	0.000186232570959	BC5_run3
57	0.000124345785735	BC5_run3
58	0.00139996198325	BC5_run3
59	0.0	BC5_run3
60	0.00152917796386	BC5_run3
61	0.00137423386462	BC5_run3
62	0.00559452973758	BC5_run3
63	0.00528620416447	BC5_run3
64	0.000375624946004	BC5_run3
65	0.00372889843013	BC5_run3
66	0.00467521677003	BC5_run3
67	0.00179036744622	BC5_run3
68	0.000660919187523	BC5_run3
69	0.00205290234596	BC5_run3
70	0.00445081405389	BC5_run3
71	0.0001919181354	BC5_run3
72	6.51581045116e-05	BC5_run3
73	0.000837040142353	BC5_run3
74	0.0	BC5_run3
75	0.0	BC5_run3
1	0.000179237893683	BC12_run3
2	0.0010942945088	BC12_run3
3	0.00081128730825	BC12_run3
4	0.00346212142009	BC12_run3
5	0.0792420161546	BC12_run3
6	0.00238669405799	BC12_run3
7	0.00352815643355	BC12_run3
8	0.00222632331101	BC12_run3
9	0.0117542323963	BC12_run3
10	0.00283950557887	BC12_run3
11	0.0100656227663	BC12_run3
12	0.00812230665585	BC12_run3
13	0.0273101948533	BC12_run3
14	0.013490009893	BC12_run3
15	0.0128296597584	BC12_run3
16	0.0147258080021	BC12_run3
17	0.0128390933317	BC12_run3
18	0.0135843456265	BC12_run3
19	0.00828267740283	BC12_run3
20	0.00900906255091	BC12_run3
21	0.00458471664895	BC12_run3
22	0.0126504218647	BC12_run3
23	0.00599031907835	BC12_run3
24	0.00132070026924	BC12_run3
25	0.00508469603659	BC12_run3
26	2.83093326811e-05	BC12_run3
27	0.0	BC12_run3
28	0.000557053199902	BC12_run3
29	0.0	BC12_run3
30	0.00204031010447	BC12_run3
31	0.006698696957	BC12_run3
32	0.0113703674614	BC12_run3
33	0.0108444713713	BC12_run3
34	0.00212803286061	BC12_run3
35	0.00469244965929	BC12_run3
36	0.00246993306008	BC12_run3
37	0.0113217274268	BC12_run3
38	0.00526466393548	BC12_run3
39	0.00146823154258	BC12_run3
40	0.000189501574853	BC12_run3
41	0.00371516898759	BC12_run3
42	0.00148828525177	BC12_run3
43	0.00192478928535	BC12_run3
44	0.00188733573066	BC12_run3
45	0.00177402708607	BC12_run3
46	0.00663336005024	BC12_run3
47	0.000398723552999	BC12_run3
48	0.00106360096351	BC12_run3
49	0.000522465990076	BC12_run3
50	0.00604348687908	BC12_run3
51	0.00172998063087	BC12_run3
52	0.00497297761932	BC12_run3
53	0.000361458756224	BC12_run3
54	0.0	BC12_run3
55	1.9040916645e-05	BC12_run3
56	0.000333372544294	BC12_run3
57	0.000266822999533	BC12_run3
58	0.00153489732061	BC12_run3
59	0.0	BC12_run3
60	0.0017082281437	BC12_run3
61	0.00104072599518	BC12_run3
62	0.00555022610723	BC12_run3
63	0.00571594505887	BC12_run3
64	0.000401689851822	BC12_run3
65	0.00343769136522	BC12_run3
66	0.00391217662097	BC12_run3
67	0.00127685021597	BC12_run3
68	0.000490357174243	BC12_run3
69	0.00214310165503	BC12_run3
70	0.00388476142453	BC12_run3
71	0.000362251583529	BC12_run3
72	3.98935003116e-05	BC12_run3
73	0.000696856715217	BC12_run3
74	0.0	BC12_run3
75	0.0	BC12_run3
1	0.0170879381293	BC5_run1
2	0.00562702078832	BC5_run1
3	0.0767095333938	BC5_run1
4	0.0110678533888	BC5_run1
5	0.00395132709768	BC5_run1
6	0.0131366110316	BC5_run1
7	0.00492364318978	BC5_run1
8	0.00781990388966	BC5_run1
9	0.00494433076621	BC5_run1
10	0.00566839594118	BC5_run1
11	0.00355826314556	BC5_run1
12	0.00372376375698	BC5_run1
13	0.0048615804605	BC5_run1
14	0.0042616407441	BC5_run1
15	0.0195704473006	BC5_run1
16	0.00322726192272	BC5_run1
17	0.0129297352673	BC5_run1
18	0.0023170085599	BC5_run1
19	0.00204807006634	BC5_run1
20	0.00196531976063	BC5_run1
21	0.0035168879927	BC5_run1
22	0.00196531976063	BC5_run1
23	0.00339276253414	BC5_run1
24	0.003289324652	BC5_run1
25	0.000496501834264	BC5_run1
26	0.000228542507556	BC5_run1
27	0.0	BC5_run1
28	0.0	BC5_run1
29	4.1877563823e-05	BC5_run1
30	0.00172190770575	BC5_run1
31	0.000378757830029	BC5_run1
32	4.2176510383e-05	BC5_run1
33	0.000295852861383	BC5_run1
34	0.000508295488263	BC5_run1
35	0.000127297615885	BC5_run1
36	0.00104125317582	BC5_run1
37	0.000170290012406	BC5_run1
38	0.000788888021823	BC5_run1
39	0.000149551782625	BC5_run1
40	0.000706356026983	BC5_run1
41	0.00100695721739	BC5_run1
42	0.00167230067623	BC5_run1
43	0.000278922193152	BC5_run1
44	0.00201823323433	BC5_run1
45	0.00262175584576	BC5_run1
46	0.00266703087411	BC5_run1
47	0.00318661827026	BC5_run1
48	0.00939730715422	BC5_run1
49	0.00662334381346	BC5_run1
50	0.00684626929077	BC5_run1
51	0.00603295681052	BC5_run1
52	0.00599733519128	BC5_run1
53	0.00334393258632	BC5_run1
54	0.00761077041437	BC5_run1
55	0.0104726587403	BC5_run1
56	0.00689252632029	BC5_run1
57	0.00974485734818	BC5_run1
58	0.0101460883659	BC5_run1
59	0.00315673034639	BC5_run1
60	0.00686747635602	BC5_run1
61	0.00454562822558	BC5_run1
62	0.0116690063281	BC5_run1
63	0.00481734137309	BC5_run1
64	0.00464489144492	BC5_run1
65	0.00136645502776	BC5_run1
66	0.00308966130912	BC5_run1
67	0.00331383399768	BC5_run1
68	0.00239092828676	BC5_run1
69	0.00226623406776	BC5_run1
70	0.00089460781847	BC5_run1
71	0.000427554203184	BC5_run1
72	9.16721364375e-05	BC5_run1
73	0.000809612901991	BC5_run1
74	0.0	BC5_run1
75	0.0	BC5_run1
1	0.0	BC6_run3
2	0.000619023840672	BC6_run3
3	0.000412682560448	BC6_run3
4	0.00206341280224	BC6_run3
5	0.0833618772104	BC6_run3
6	0.00288877792313	BC6_run3
7	0.00392048432425	BC6_run3
8	0.00247609536269	BC6_run3
9	0.0121741355332	BC6_run3
10	0.00206341280224	BC6_run3
11	0.00969804017052	BC6_run3
12	0.00619023840672	BC6_run3
13	0.0270307077093	BC6_run3
14	0.0123804768134	BC6_run3
15	0.0123804768134	BC6_run3
16	0.0125868180937	BC6_run3
17	0.00969804017052	BC6_run3
18	0.0132058419343	BC6_run3
19	0.00722194480783	BC6_run3
20	0.00763462736828	BC6_run3
21	0.00309511920336	BC6_run3
22	0.0105234052914	BC6_run3
23	0.00371414304403	BC6_run3
24	0.000619023840672	BC6_run3
25	0.00288877792313	BC6_run3
26	0.0	BC6_run3
27	0.0	BC6_run3
28	0.000627322399801	BC6_run3
29	0.0	BC6_run3
30	0.00147419940442	BC6_run3
31	0.00612459107795	BC6_run3
32	0.0101585151637	BC6_run3
33	0.00848162032875	BC6_run3
34	0.00127446711344	BC6_run3
35	0.00276646953798	BC6_run3
36	0.00298745694861	BC6_run3
37	0.00983948800438	BC6_run3
38	0.0042889371156	BC6_run3
39	0.00086032421318	BC6_run3
40	0.0	BC6_run3
41	0.00324443579262	BC6_run3
42	0.00151802656546	BC6_run3
43	0.00195613901628	BC6_run3
44	0.00239892353758	BC6_run3
45	0.00240942215486	BC6_run3
46	0.00594421682742	BC6_run3
47	0.000221347163104	BC6_run3
48	0.000889303897374	BC6_run3
49	0.000669220113187	BC6_run3
50	0.00626464080116	BC6_run3
51	0.00112266457701	BC6_run3
52	0.00496369732276	BC6_run3
53	0.000238013066917	BC6_run3
54	0.0	BC6_run3
55	0.0	BC6_run3
56	0.0	BC6_run3
57	0.000241734493337	BC6_run3
58	0.000971897581433	BC6_run3
59	0.0	BC6_run3
60	0.00128840742535	BC6_run3
61	0.00103455678294	BC6_run3
62	0.00440919394747	BC6_run3
63	0.00833635091869	BC6_run3
64	0.00130668736459	BC6_run3
65	0.00209653495186	BC6_run3
66	0.00289091018993	BC6_run3
67	0.000527359405982	BC6_run3
68	0.000530975800778	BC6_run3
69	0.00294404967415	BC6_run3
70	0.00298476683544	BC6_run3
71	0.0	BC6_run3
72	0.0	BC6_run3
73	0.000906725180665	BC6_run3
74	0.0	BC6_run3
75	0.0	BC6_run3
1	9.75215864032e-05	BC16_run3
2	0.00126778062324	BC16_run3
3	0.000858189960348	BC16_run3
4	0.00369606812468	BC16_run3
5	0.0782805774058	BC16_run3
6	0.00218448353543	BC16_run3
7	0.00299391270258	BC16_run3
8	0.00184315798302	BC16_run3
9	0.0113905212919	BC16_run3
10	0.00288663895753	BC16_run3
11	0.00943033740518	BC16_run3
12	0.00781147907089	BC16_run3
13	0.0274133179379	BC16_run3
14	0.0134677310823	BC16_run3
15	0.0128435929293	BC16_run3
16	0.0148915462438	BC16_run3
17	0.0129411145157	BC16_run3
18	0.0128045842947	BC16_run3
19	0.00748965783576	BC16_run3
20	0.00935232013606	BC16_run3
21	0.00466153183007	BC16_run3
22	0.0123462328386	BC16_run3
23	0.00550021747314	BC16_run3
24	0.00132629357508	BC16_run3
25	0.00477855773375	BC16_run3
26	2.92604651517e-05	BC16_run3
27	0.0	BC16_run3
28	0.000380507628397	BC16_run3
29	0.0	BC16_run3
30	0.00187389048847	BC16_run3
31	0.00689174157531	BC16_run3
32	0.011668067974	BC16_run3
33	0.0112020907965	BC16_run3
34	0.00214925900388	BC16_run3
35	0.00420221036265	BC16_run3
36	0.00224850034803	BC16_run3
37	0.0116778783427	BC16_run3
38	0.00539191701732	BC16_run3
39	0.00128286032021	BC16_run3
40	0.000107806842285	BC16_run3
41	0.00382574346703	BC16_run3
42	0.00146299084816	BC16_run3
43	0.00198554971959	BC16_run3
44	0.00206680423053	BC16_run3
45	0.00205994092996	BC16_run3
46	0.00645779995592	BC16_run3
47	0.000306734595517	BC16_run3
48	0.00110066132889	BC16_run3
49	0.000447221902265	BC16_run3
50	0.00566962676319	BC16_run3
51	0.00187853324125	BC16_run3
52	0.00501255092626	BC16_run3
53	0.000372263099058	BC16_run3
54	0.0	BC16_run3
55	0.0	BC16_run3
56	0.000295278156096	BC16_run3
57	0.000378540130318	BC16_run3
58	0.00137795480041	BC16_run3
59	0.0	BC16_run3
60	0.00173523963088	BC16_run3
61	0.00108668519117	BC16_run3
62	0.00618009360319	BC16_run3
63	0.0052897139291	BC16_run3
64	0.000394153447346	BC16_run3
65	0.00359555096184	BC16_run3
66	0.00398169502272	BC16_run3
67	0.00121080350884	BC16_run3
68	0.000440325783838	BC16_run3
69	0.00256100166788	BC16_run3
70	0.00362085485668	BC16_run3
71	0.000401161074768	BC16_run3
72	4.71705122034e-05	BC16_run3
73	0.00092876094003	BC16_run3
74	0.0	BC16_run3
75	0.0	BC16_run3
1	0.317999113929	BC8_run2
2	0.0638199646207	BC8_run2
3	0.0685403135793	BC8_run2
4	0.0634389499065	BC8_run2
5	0.0666775749768	BC8_run2
6	0.0620207284705	BC8_run2
7	0.205790280611	BC8_run2
8	0.0386941609707	BC8_run2
9	0.0102873972821	BC8_run2
10	0.0131873426065	BC8_run2
11	0.0112399340675	BC8_run2
12	0.013801199646	BC8_run2
13	0.0109012543216	BC8_run2
14	0.0127639929241	BC8_run2
15	0.0225010356192	BC8_run2
16	0.195545218297	BC8_run2
17	0.371044829133	BC8_run2
18	0.203906374524	BC8_run2
19	0.0843524242167	BC8_run2
20	0.0900041424766	BC8_run2
21	0.10651478009	BC8_run2
22	0.120506487093	BC8_run2
23	0.0797802476469	BC8_run2
24	0.0376781217329	BC8_run2
25	0.0386518260024	BC8_run2
26	0.0311246808132	BC8_run2
27	0.0276797468119	BC8_run2
28	0.0330885094326	BC8_run2
29	0.0329892311454	BC8_run2
30	0.0201750268347	BC8_run2
31	0.0420124782572	BC8_run2
32	0.0631662780707	BC8_run2
33	0.304678366542	BC8_run2
34	0.216469274326	BC8_run2
35	0.218177049158	BC8_run2
36	0.0978345430868	BC8_run2
37	0.186999589777	BC8_run2
38	0.0212812682786	BC8_run2
39	0.00484392059284	BC8_run2
40	0.00480256975733	BC8_run2
41	0.00486724742068	BC8_run2
42	0.00108413458319	BC8_run2
43	0.00333802996275	BC8_run2
44	0.00353014306224	BC8_run2
45	0.0	BC8_run2
46	0.00285085517145	BC8_run2
47	0.00723537109048	BC8_run2
48	0.00178792714963	BC8_run2
49	0.0017669661213	BC8_run2
50	0.00238487038229	BC8_run2
51	0.00106489490872	BC8_run2
52	0.001256852509	BC8_run2
53	0.000490077006013	BC8_run2
54	0.00547730445863	BC8_run2
55	0.0021958254161	BC8_run2
56	0.00189788160162	BC8_run2
57	0.00223970423959	BC8_run2
58	0.00761674420669	BC8_run2
59	0.00452434031063	BC8_run2
60	0.00505939019618	BC8_run2
61	0.00290414609563	BC8_run2
62	0.00213606521834	BC8_run2
63	0.00254277035899	BC8_run2
64	0.000919142794605	BC8_run2
65	0.000556303950785	BC8_run2
66	0.000214198397839	BC8_run2
67	0.00132913754623	BC8_run2
68	0.0012880202099	BC8_run2
69	0.00094933301804	BC8_run2
70	0.000195933039666	BC8_run2
71	0.000875411634965	BC8_run2
72	0.00218462877361	BC8_run2
73	0.000143779626091	BC8_run2
74	0.0	BC8_run2
75	0.0	BC8_run2
1	0.0160615471029	BC6_run1
2	0.00540562707138	BC6_run1
3	0.077138919645	BC6_run1
4	0.0110287218985	BC6_run1
5	0.00400762007016	BC6_run1
6	0.0139490031899	BC6_run1
7	0.00528135978238	BC6_run1
8	0.00820164107382	BC6_run1
9	0.00546776071588	BC6_run1
10	0.00624443127211	BC6_run1
11	0.00419402100366	BC6_run1
12	0.0044114887594	BC6_run1
13	0.00534349342688	BC6_run1
14	0.00469109015965	BC6_run1
15	0.0204730358623	BC6_run1
16	0.00375908549217	BC6_run1
17	0.0141043373012	BC6_run1
18	0.00260961306894	BC6_run1
19	0.00248534577994	BC6_run1
20	0.0022678780242	BC6_run1
21	0.00351055091417	BC6_run1
22	0.00236107849095	BC6_run1
23	0.00382121913667	BC6_run1
24	0.00313774904718	BC6_run1
25	0.000776670556233	BC6_run1
26	9.3729877367e-05	BC6_run1
27	0.0	BC6_run1
28	0.0	BC6_run1
29	0.000158085571087	BC6_run1
30	0.00123752479809	BC6_run1
31	0.0003818632764	BC6_run1
32	0.0	BC6_run1
33	0.000351461617037	BC6_run1
34	0.000416175259725	BC6_run1
35	0.000256608305384	BC6_run1
36	0.00093261562665	BC6_run1
37	0.00016119578905	BC6_run1
38	0.00100222234723	BC6_run1
39	0.000259393447332	BC6_run1
40	0.00107316689274	BC6_run1
41	0.00143451441687	BC6_run1
42	0.00307237334958	BC6_run1
43	0.000196541524311	BC6_run1
44	0.00141318461811	BC6_run1
45	0.00264068758223	BC6_run1
46	0.00159228167994	BC6_run1
47	0.00283510811101	BC6_run1
48	0.00757250336909	BC6_run1
49	0.00669273582561	BC6_run1
50	0.00580342712616	BC6_run1
51	0.00612921883275	BC6_run1
52	0.00578100138506	BC6_run1
53	0.00335648950177	BC6_run1
54	0.0086578832019	BC6_run1
55	0.010335349333	BC6_run1
56	0.00664796227172	BC6_run1
57	0.00964752067889	BC6_run1
58	0.0102164975412	BC6_run1
59	0.00360948651523	BC6_run1
60	0.0084160849474	BC6_run1
61	0.00552493818975	BC6_run1
62	0.0126235944874	BC6_run1
63	0.00512904314718	BC6_run1
64	0.0058664321158	BC6_run1
65	0.00152068430794	BC6_run1
66	0.0033712924813	BC6_run1
67	0.0025368180892	BC6_run1
68	0.001784205242	BC6_run1
69	0.00192042808385	BC6_run1
70	0.00128309983676	BC6_run1
71	0.000458624177499	BC6_run1
72	0.0	BC6_run1
73	0.00101403189683	BC6_run1
74	0.0	BC6_run1
75	0.0	BC6_run1
1	0.320041936715	BC7_run2
2	0.0657279433639	BC7_run2
3	0.0709215945693	BC7_run2
4	0.0669388983082	BC7_run2
5	0.0699528306139	BC7_run2
6	0.0593233372142	BC7_run2
7	0.206225627009	BC7_run2
8	0.0373781426131	BC7_run2
9	0.0091898025215	BC7_run2
10	0.0129437628487	BC7_run2
11	0.0110600551577	BC7_run2
12	0.0138721616393	BC7_run2
13	0.0102392968065	BC7_run2
14	0.012459380871	BC7_run2
15	0.0237885371274	BC7_run2
16	0.195676863939	BC7_run2
17	0.369247072617	BC7_run2
18	0.204368829428	BC7_run2
19	0.0858028853289	BC7_run2
20	0.0873098514818	BC7_run2
21	0.105662546415	BC7_run2
22	0.121001309042	BC7_run2
23	0.0803939532445	BC7_run2
24	0.039302215469	BC7_run2
25	0.0404997153583	BC7_run2
26	0.0323523643894	BC7_run2
27	0.0283426007214	BC7_run2
28	0.0345320262961	BC7_run2
29	0.034935153309	BC7_run2
30	0.0193735114381	BC7_run2
31	0.0420716729885	BC7_run2
32	0.0634219983152	BC7_run2
33	0.303980294009	BC7_run2
34	0.217470495582	BC7_run2
35	0.219546987962	BC7_run2
36	0.100761372953	BC7_run2
37	0.184672043921	BC7_run2
38	0.0207903934531	BC7_run2
39	0.00524489658654	BC7_run2
40	0.00504385914228	BC7_run2
41	0.00496428165348	BC7_run2
42	0.00121084613384	BC7_run2
43	0.00363370658894	BC7_run2
44	0.0036486080084	BC7_run2
45	1.36199868404e-05	BC7_run2
46	0.0028479919068	BC7_run2
47	0.00702154318522	BC7_run2
48	0.00189605343979	BC7_run2
49	0.00182868721683	BC7_run2
50	0.00260766267822	BC7_run2
51	0.00107914047417	BC7_run2
52	0.00131215443183	BC7_run2
53	0.000506491232705	BC7_run2
54	0.00551996494617	BC7_run2
55	0.00243959668259	BC7_run2
56	0.00215321156305	BC7_run2
57	0.00222319963715	BC7_run2
58	0.00709854761244	BC7_run2
59	0.00427642421083	BC7_run2
60	0.00480147483697	BC7_run2
61	0.00333129830469	BC7_run2
62	0.00224504856605	BC7_run2
63	0.00272903118566	BC7_run2
64	0.00106199059794	BC7_run2
65	0.00046930186103	BC7_run2
66	0.000165813349716	BC7_run2
67	0.00106506230476	BC7_run2
68	0.00133000554862	BC7_run2
69	0.00130651457354	BC7_run2
70	0.000251714067922	BC7_run2
71	0.000759366789347	BC7_run2
72	0.00241773686096	BC7_run2
73	0.000321396169447	BC7_run2
74	0.0	BC7_run2
75	0.0	BC7_run2
1	0.000249558353702	BC8_run3
2	0.0014397597329	BC8_run3
3	0.0010462254059	BC8_run3
4	0.00373377690731	BC8_run3
5	0.0795035324505	BC8_run3
6	0.00203486042249	BC8_run3
7	0.00317706981059	BC8_run3
8	0.00195807323674	BC8_run3
9	0.0113741018899	BC8_run3
10	0.00310988102305	BC8_run3
11	0.00927205267985	BC8_run3
12	0.00789948173449	BC8_run3
13	0.0272978445357	BC8_run3
14	0.0132649863391	BC8_run3
15	0.0127178776406	BC8_run3
16	0.0146375572844	BC8_run3
17	0.0126314920566	BC8_run3
18	0.013303379932	BC8_run3
19	0.00791867853093	BC8_run3
20	0.00904169112259	BC8_run3
21	0.00480879750787	BC8_run3
22	0.0123531385082	BC8_run3
23	0.00560546456007	BC8_run3
24	0.00117100458276	BC8_run3
25	0.0049239782865	BC8_run3
26	1.92016657829e-05	BC8_run3
27	0.0	BC8_run3
28	0.00041302567723	BC8_run3
29	0.0	BC8_run3
30	0.00198909285258	BC8_run3
31	0.00676625426795	BC8_run3
32	0.0112870354649	BC8_run3
33	0.0105975773861	BC8_run3
34	0.00206817015904	BC8_run3
35	0.00426240069953	BC8_run3
36	0.00233862681031	BC8_run3
37	0.0115614181326	BC8_run3
38	0.00546901786934	BC8_run3
39	0.0013965756735	BC8_run3
40	0.000183044280724	BC8_run3
41	0.00370976137466	BC8_run3
42	0.00172506243955	BC8_run3
43	0.00235186707402	BC8_run3
44	0.00218842935943	BC8_run3
45	0.00218885308727	BC8_run3
46	0.0067800984532	BC8_run3
47	0.00036657538618	BC8_run3
48	0.000916632292956	BC8_run3
49	0.000453585029918	BC8_run3
50	0.00542485547152	BC8_run3
51	0.00141927360032	BC8_run3
52	0.00466431873424	BC8_run3
53	0.000357396208277	BC8_run3
54	0.0	BC8_run3
55	0.0	BC8_run3
56	0.000174014425796	BC8_run3
57	0.000290113118973	BC8_run3
58	0.00139289049346	BC8_run3
59	0.0	BC8_run3
60	0.00163564680249	BC8_run3
61	0.000881003616084	BC8_run3
62	0.0054717760465	BC8_run3
63	0.00556079611612	BC8_run3
64	0.000377973415094	BC8_run3
65	0.00308489754454	BC8_run3
66	0.00375846820763	BC8_run3
67	0.00126361238593	BC8_run3
68	0.00052561517416	BC8_run3
69	0.00225937530718	BC8_run3
70	0.00341420661239	BC8_run3
71	0.00018849787925	BC8_run3
72	1.01075677685e-05	BC8_run3
73	0.000771336777696	BC8_run3
74	0.0	BC8_run3
75	0.0	BC8_run3
1	0.0163911756817	BC10_run1
2	0.00560534352327	BC10_run1
3	0.0872871220042	BC10_run1
4	0.0109228821224	BC10_run1
5	0.00405667893127	BC10_run1
6	0.0128552866133	BC10_run1
7	0.00560534352327	BC10_run1
8	0.00826411282282	BC10_run1
9	0.005701278498	BC10_run1
10	0.00629059334274	BC10_run1
11	0.00404297393488	BC10_run1
12	0.00423484388433	BC10_run1
13	0.00530383360271	BC10_run1
14	0.00471451875796	BC10_run1
15	0.0196255548296	BC10_run1
16	0.00402926893849	BC10_run1
17	0.0136775863966	BC10_run1
18	0.00305621419484	BC10_run1
19	0.00243948935732	BC10_run1
20	0.00276840927066	BC10_run1
21	0.00433077885906	BC10_run1
22	0.00274099927788	BC10_run1
23	0.00391962896737	BC10_run1
24	0.00345365909013	BC10_run1
25	0.00106898971837	BC10_run1
26	0.000288013850998	BC10_run1
27	1.37222907498e-05	BC10_run1
28	1.37307582303e-05	BC10_run1
29	0.000178593213018	BC10_run1
30	0.00140204817245	BC10_run1
31	0.000481296144268	BC10_run1
32	5.50389992589e-05	BC10_run1
33	0.000509371751895	BC10_run1
34	0.000495915994035	BC10_run1
35	0.000330765855261	BC10_run1
36	0.000978992206119	BC10_run1
37	0.000151760309216	BC10_run1
38	0.000841947770253	BC10_run1
39	0.000179530783867	BC10_run1
40	0.000980997796347	BC10_run1
41	0.00145124240171	BC10_run1
42	0.00215672118655	BC10_run1
43	6.91470353623e-05	BC10_run1
44	0.00150792254203	BC10_run1
45	0.00268492563725	BC10_run1
46	0.00234012676287	BC10_run1
47	0.00271581629055	BC10_run1
48	0.00780544451244	BC10_run1
49	0.00601954437874	BC10_run1
50	0.0060913584437	BC10_run1
51	0.00559427745673	BC10_run1
52	0.00555514432057	BC10_run1
53	0.00326592056364	BC10_run1
54	0.00688308188531	BC10_run1
55	0.00872362754869	BC10_run1
56	0.00630660895029	BC10_run1
57	0.00902708250127	BC10_run1
58	0.00876717491657	BC10_run1
59	0.00285967252146	BC10_run1
60	0.00609973385898	BC10_run1
61	0.00504208535063	BC10_run1
62	0.0103843016194	BC10_run1
63	0.00441962307049	BC10_run1
64	0.00544427068186	BC10_run1
65	0.00123308432503	BC10_run1
66	0.00251136533112	BC10_run1
67	0.00282327043433	BC10_run1
68	0.00201168946323	BC10_run1
69	0.00207729428322	BC10_run1
70	0.00106857593165	BC10_run1
71	0.000558525047056	BC10_run1
72	4.37184143564e-05	BC10_run1
73	0.000530881535035	BC10_run1
74	0.0	BC10_run1
75	0.0	BC10_run1
1	0.309531006461	BC15_run2
2	0.0616812551484	BC15_run2
3	0.066716981325	BC15_run2
4	0.061860189581	BC15_run2
5	0.0645314250402	BC15_run2
6	0.0587416180402	BC15_run2
7	0.199115680472	BC15_run2
8	0.0349433384947	BC15_run2
9	0.0093812766844	BC15_run2
10	0.0122953517308	BC15_run2
11	0.0110044676094	BC15_run2
12	0.0131772428632	BC15_run2
13	0.00966245936431	BC15_run2
14	0.0117713294637	BC15_run2
15	0.0206030218191	BC15_run2
16	0.190526827703	BC15_run2
17	0.363863168839	BC15_run2
18	0.197850358412	BC15_run2
19	0.082220371813	BC15_run2
20	0.0856201260337	BC15_run2
21	0.10236327652	BC15_run2
22	0.117828323915	BC15_run2
23	0.0766734044001	BC15_run2
24	0.0368860551923	BC15_run2
25	0.0379340997265	BC15_run2
26	0.0303837375295	BC15_run2
27	0.0266542442122	BC15_run2
28	0.0323997168669	BC15_run2
29	0.0330198747163	BC15_run2
30	0.0175103146497	BC15_run2
31	0.0404399187671	BC15_run2
32	0.0603951892673	BC15_run2
33	0.297558789298	BC15_run2
34	0.20943118909	BC15_run2
35	0.211462171902	BC15_run2
36	0.0968941956648	BC15_run2
37	0.179110670009	BC15_run2
38	0.0218988440181	BC15_run2
39	0.00522499844662	BC15_run2
40	0.00459936983494	BC15_run2
41	0.00524602979693	BC15_run2
42	0.00131247138619	BC15_run2
43	0.00315515304102	BC15_run2
44	0.00360974574627	BC15_run2
45	3.87194547062e-05	BC15_run2
46	0.00289552144269	BC15_run2
47	0.00717251822454	BC15_run2
48	0.00186711218038	BC15_run2
49	0.00154532831019	BC15_run2
50	0.00240707518766	BC15_run2
51	0.00123889089792	BC15_run2
52	0.0015556842808	BC15_run2
53	0.000393724762243	BC15_run2
54	0.00539490010882	BC15_run2
55	0.00252015197968	BC15_run2
56	0.00227545071784	BC15_run2
57	0.00246789612121	BC15_run2
58	0.00682776918946	BC15_run2
59	0.00518899788013	BC15_run2
60	0.00543457111841	BC15_run2
61	0.00333910046249	BC15_run2
62	0.00251310632237	BC15_run2
63	0.00278144906441	BC15_run2
64	0.00126677299387	BC15_run2
65	0.00071176822527	BC15_run2
66	0.000233961041633	BC15_run2
67	0.00118999287941	BC15_run2
68	0.00157317198807	BC15_run2
69	0.00150274778134	BC15_run2
70	0.000370091325728	BC15_run2
71	0.00093438020333	BC15_run2
72	0.00240055233322	BC15_run2
73	0.000336136874935	BC15_run2
74	0.0	BC15_run2
75	0.0	BC15_run2
1	0.0164699056536	BC11_run1
2	0.00623952145301	BC11_run1
3	0.0862796164558	BC11_run1
4	0.0114053590196	BC11_run1
5	0.00431499373212	BC11_run1
6	0.0118510391234	BC11_run1
7	0.00516583756662	BC11_run1
8	0.00806275824123	BC11_run1
9	0.00538867761851	BC11_run1
10	0.00625977963955	BC11_run1
11	0.0044770592244	BC11_run1
12	0.0044770592244	BC11_run1
13	0.00490248114165	BC11_run1
14	0.00429473554558	BC11_run1
15	0.0195288918205	BC11_run1
16	0.0036262153899	BC11_run1
17	0.0136540177251	BC11_run1
18	0.00253227331697	BC11_run1
19	0.00174220404208	BC11_run1
20	0.00228917507854	BC11_run1
21	0.00370724813604	BC11_run1
22	0.00206633502665	BC11_run1
23	0.00311976072651	BC11_run1
24	0.00273485518233	BC11_run1
25	0.000769811088359	BC11_run1
26	0.000324273338915	BC11_run1
27	0.0	BC11_run1
28	0.0	BC11_run1
29	0.000243456004051	BC11_run1
30	0.00119730318619	BC11_run1
31	0.000690110393306	BC11_run1
32	0.000162424642579	BC11_run1
33	0.000528002726119	BC11_run1
34	0.000345319579051	BC11_run1
35	6.09524181043e-05	BC11_run1
36	0.000670642152054	BC11_run1
37	8.13097207194e-05	BC11_run1
38	0.00050830561204	BC11_run1
39	0.000162713739752	BC11_run1
40	0.00130202849937	BC11_run1
41	0.00142441214511	BC11_run1
42	0.00284943658497	BC11_run1
43	0.000305362718999	BC11_run1
44	0.00189366404445	BC11_run1
45	0.00287177055653	BC11_run1
46	0.00275027110543	BC11_run1
47	0.00297524736838	BC11_run1
48	0.00819465276484	BC11_run1
49	0.00754418599151	BC11_run1
50	0.00677109103079	BC11_run1
51	0.00585486185076	BC11_run1
52	0.00561158296021	BC11_run1
53	0.0039191151781	BC11_run1
54	0.00669746958165	BC11_run1
55	0.00966185548479	BC11_run1
56	0.00635505379012	BC11_run1
57	0.00885138825746	BC11_run1
58	0.00946777021742	BC11_run1
59	0.0030275575241	BC11_run1
60	0.0061394803994	BC11_run1
61	0.004770155288	BC11_run1
62	0.0112443778111	BC11_run1
63	0.00409823552519	BC11_run1
64	0.00455122838064	BC11_run1
65	0.00158049869865	BC11_run1
66	0.00341158256944	BC11_run1
67	0.0027568102471	BC11_run1
68	0.00208089617811	BC11_run1
69	0.00177922175185	BC11_run1
70	0.000897107038431	BC11_run1
71	0.000608200301751	BC11_run1
72	2.13526155993e-05	BC11_run1
73	0.00142307945672	BC11_run1
74	0.0	BC11_run1
75	0.0	BC11_run1
1	0.327449247798	BC6_run2
2	0.0694702676981	BC6_run2
3	0.0756429086083	BC6_run2
4	0.0699565969819	BC6_run2
5	0.071153715219	BC6_run2
6	0.0621753284406	BC6_run2
7	0.213386325767	BC6_run2
8	0.0392430322107	BC6_run2
9	0.00894097683352	BC6_run2
10	0.0126819713245	BC6_run2
11	0.0110359337485	BC6_run2
12	0.0136546298922	BC6_run2
13	0.0104747845748	BC6_run2
14	0.0124201017102	BC6_run2
15	0.0257754520431	BC6_run2
16	0.203023771027	BC6_run2
17	0.378177133096	BC6_run2
18	0.212675536814	BC6_run2
19	0.0886989793819	BC6_run2
20	0.0925896136525	BC6_run2
21	0.110621207099	BC6_run2
22	0.127044172915	BC6_run2
23	0.0835364069843	BC6_run2
24	0.0401782808335	BC6_run2
25	0.0411135294562	BC6_run2
26	0.0333744587938	BC6_run2
27	0.0294409210662	BC6_run2
28	0.0356051682914	BC6_run2
29	0.0352411024788	BC6_run2
30	0.0203833367561	BC6_run2
31	0.0462235192938	BC6_run2
32	0.0694678844626	BC6_run2
33	0.317489181058	BC6_run2
34	0.231121803545	BC6_run2
35	0.234237789074	BC6_run2
36	0.105826263379	BC6_run2
37	0.196823747057	BC6_run2
38	0.0237217100076	BC6_run2
39	0.00528313700935	BC6_run2
40	0.00482810759379	BC6_run2
41	0.00468355685838	BC6_run2
42	0.00118384197762	BC6_run2
43	0.00340168881984	BC6_run2
44	0.00377055647857	BC6_run2
45	0.0	BC6_run2
46	0.0026848434576	BC6_run2
47	0.00693120776295	BC6_run2
48	0.00259130189031	BC6_run2
49	0.0016258549965	BC6_run2
50	0.00212061659374	BC6_run2
51	0.00188289074486	BC6_run2
52	0.00123348720401	BC6_run2
53	0.000263078394292	BC6_run2
54	0.00576677404899	BC6_run2
55	0.00230054191034	BC6_run2
56	0.00177662810199	BC6_run2
57	0.0020969093341	BC6_run2
58	0.00807872629006	BC6_run2
59	0.00576049033294	BC6_run2
60	0.0052453248035	BC6_run2
61	0.00357450278183	BC6_run2
62	0.00159874193544	BC6_run2
63	0.00204540805891	BC6_run2
64	0.000879936996511	BC6_run2
65	0.00102955862822	BC6_run2
66	0.000196725600739	BC6_run2
67	0.00113493599454	BC6_run2
68	0.00144119358659	BC6_run2
69	0.00120233192276	BC6_run2
70	5.07522756052e-05	BC6_run2
71	0.000920322092281	BC6_run2
72	0.00229361384926	BC6_run2
73	0.000339381872483	BC6_run2
74	0.0	BC6_run2
75	0.0	BC6_run2
1	0.000198317830388	BC7_run3
2	0.00152988040585	BC7_run3
3	0.00106713880161	BC7_run3
4	0.00404190625743	BC7_run3
5	0.0786471853081	BC7_run3
6	0.00214372130943	BC7_run3
7	0.0029558800434	BC7_run3
8	0.00188874124179	BC7_run3
9	0.0117763016426	BC7_run3
10	0.00321086011104	BC7_run3
11	0.00961369292071	BC7_run3
12	0.00816880587074	BC7_run3
13	0.0277928273729	BC7_run3
14	0.013967241483	BC7_run3
15	0.0131456390429	BC7_run3
16	0.0153271351771	BC7_run3
17	0.0132400761049	BC7_run3
18	0.0137217051216	BC7_run3
19	0.00849933558805	BC7_run3
20	0.00984034186972	BC7_run3
21	0.00505238282179	BC7_run3
22	0.0130039834497	BC7_run3
23	0.00594009120543	BC7_run3
24	0.00135044998788	BC7_run3
25	0.00482573387277	BC7_run3
26	3.78136595795e-05	BC7_run3
27	0.0	BC7_run3
28	0.000586990695629	BC7_run3
29	0.0	BC7_run3
30	0.00173522792408	BC7_run3
31	0.0067555957349	BC7_run3
32	0.0118399017412	BC7_run3
33	0.0114005867882	BC7_run3
34	0.00212007475973	BC7_run3
35	0.00440429444392	BC7_run3
36	0.00253182267913	BC7_run3
37	0.0122760922675	BC7_run3
38	0.00569814794946	BC7_run3
39	0.00150641982738	BC7_run3
40	0.000181244529873	BC7_run3
41	0.00412260355775	BC7_run3
42	0.00146057520888	BC7_run3
43	0.00235870092303	BC7_run3
44	0.00237865174389	BC7_run3
45	0.00226499007705	BC7_run3
46	0.00723804376999	BC7_run3
47	0.000382646228256	BC7_run3
48	0.00125374604484	BC7_run3
49	0.000469159961429	BC7_run3
50	0.00513418666198	BC7_run3
51	0.00195504695371	BC7_run3
52	0.00437260417729	BC7_run3
53	0.000480141169186	BC7_run3
54	0.0	BC7_run3
55	0.0	BC7_run3
56	0.000173158524031	BC7_run3
57	0.000413918998555	BC7_run3
58	0.0016179780475	BC7_run3
59	0.0	BC7_run3
60	0.00190105445797	BC7_run3
61	0.000859315974829	BC7_run3
62	0.00552602492063	BC7_run3
63	0.00516240351067	BC7_run3
64	0.000396614882306	BC7_run3
65	0.0028171910224	BC7_run3
66	0.0034211658713	BC7_run3
67	0.00112538583271	BC7_run3
68	0.000505329182119	BC7_run3
69	0.00223266668246	BC7_run3
70	0.00331555782348	BC7_run3
71	0.00029593947367	BC7_run3
72	5.01891125762e-05	BC7_run3
73	0.000762658929796	BC7_run3
74	0.0	BC7_run3
75	0.0	BC7_run3
1	0.000138858147238	BC9_run3
2	0.00119418006625	BC9_run3
3	0.000860920512875	BC9_run3
4	0.00405465789935	BC9_run3
5	0.0760942646864	BC9_run3
6	0.00277716294476	BC9_run3
7	0.00424905930548	BC9_run3
8	0.00222173035581	BC9_run3
9	0.0110808801496	BC9_run3
10	0.00319373738647	BC9_run3
11	0.0092201809766	BC9_run3
12	0.00794268602201	BC9_run3
13	0.0266885358991	BC9_run3
14	0.0129415793226	BC9_run3
15	0.0121084304392	BC9_run3
16	0.0138580430943	BC9_run3
17	0.0131637523582	BC9_run3
18	0.0126083197692	BC9_run3
19	0.00755388320974	BC9_run3
20	0.00910909445881	BC9_run3
21	0.00463786211775	BC9_run3
22	0.0118584857741	BC9_run3
23	0.00566541240731	BC9_run3
24	0.000999778660113	BC9_run3
25	0.0051377514478	BC9_run3
26	2.78021046193e-05	BC9_run3
27	0.0	BC9_run3
28	0.000556728396711	BC9_run3
29	0.0	BC9_run3
30	0.00234077569963	BC9_run3
31	0.0064115680298	BC9_run3
32	0.0116283836296	BC9_run3
33	0.0118540121229	BC9_run3
34	0.00245702989759	BC9_run3
35	0.00508280929663	BC9_run3
36	0.00240229301662	BC9_run3
37	0.0109023025104	BC9_run3
38	0.00483778866638	BC9_run3
39	0.00111890208851	BC9_run3
40	8.3955748604e-05	BC9_run3
41	0.00330345202338	BC9_run3
42	0.00137225996093	BC9_run3
43	0.00193295936639	BC9_run3
44	0.00204558287203	BC9_run3
45	0.00193403592093	BC9_run3
46	0.00642211045693	BC9_run3
47	0.000308945980234	BC9_run3
48	0.00103958398659	BC9_run3
49	0.000337261113737	BC9_run3
50	0.00553965832962	BC9_run3
51	0.00168818207832	BC9_run3
52	0.00473059140324	BC9_run3
53	0.000516065284323	BC9_run3
54	0.0	BC9_run3
55	0.0	BC9_run3
56	0.000517724827183	BC9_run3
57	0.000414904331705	BC9_run3
58	0.00160899244893	BC9_run3
59	0.0	BC9_run3
60	0.00157124707636	BC9_run3
61	0.000989192176209	BC9_run3
62	0.00535425120797	BC9_run3
63	0.00505081936015	BC9_run3
64	0.000180530343992	BC9_run3
65	0.00307053469749	BC9_run3
66	0.0032104180326	BC9_run3
67	0.00113103287279	BC9_run3
68	0.000452832717707	BC9_run3
69	0.00208824278455	BC9_run3
70	0.00301261738938	BC9_run3
71	0.000458426241052	BC9_run3
72	0.0	BC9_run3
73	0.000652080462716	BC9_run3
74	0.0	BC9_run3
75	0.0	BC9_run3
1	0.000153191095865	BC10_run3
2	0.00115589645062	BC10_run3
3	0.000877367185409	BC10_run3
4	0.00346768935185	BC10_run3
5	0.0782458338289	BC10_run3
6	0.00233268259613	BC10_run3
7	0.00318219685501	BC10_run3
8	0.00185221961364	BC10_run3
9	0.0110715382921	BC10_run3
10	0.00298722636937	BC10_run3
11	0.00898953203463	BC10_run3
12	0.00746458430761	BC10_run3
13	0.0261330083082	BC10_run3
14	0.0128471623578	BC10_run3
15	0.0122343979743	BC10_run3
16	0.0140309117349	BC10_run3
17	0.0121995818162	BC10_run3
18	0.0128819785159	BC10_run3
19	0.00759688570858	BC10_run3
20	0.00869707630616	BC10_run3
21	0.00478374012997	BC10_run3
22	0.011844457003	BC10_run3
23	0.00541739420832	BC10_run3
24	0.0011976758404	BC10_run3
25	0.00494389445746	BC10_run3
26	2.78690256125e-05	BC10_run3
27	0.0	BC10_run3
28	0.000432346701889	BC10_run3
29	0.0	BC10_run3
30	0.00177274510487	BC10_run3
31	0.0065631320942	BC10_run3
32	0.0109750696159	BC10_run3
33	0.0108753830672	BC10_run3
34	0.00241267480878	BC10_run3
35	0.0044287081878	BC10_run3
36	0.00223980296453	BC10_run3
37	0.0109527567823	BC10_run3
38	0.00527547027525	BC10_run3
39	0.00140191924146	BC10_run3
40	0.000168306474308	BC10_run3
41	0.00351451709518	BC10_run3
42	0.00164195270559	BC10_run3
43	0.00207758560969	BC10_run3
44	0.00209934449197	BC10_run3
45	0.00214934023332	BC10_run3
46	0.00643702599842	BC10_run3
47	0.000288308682121	BC10_run3
48	0.00105535773461	BC10_run3
49	0.000380090520669	BC10_run3
50	0.00527409522157	BC10_run3
51	0.00167658835966	BC10_run3
52	0.00442591511433	BC10_run3
53	0.000380839029286	BC10_run3
54	0.0	BC10_run3
55	0.0	BC10_run3
56	0.000190743770008	BC10_run3
57	0.000402938310993	BC10_run3
58	0.00144288141722	BC10_run3
59	0.0	BC10_run3
60	0.00160778650295	BC10_run3
61	0.000978036073797	BC10_run3
62	0.00534020359154	BC10_run3
63	0.00484032773703	BC10_run3
64	0.000411902446729	BC10_run3
65	0.00295066187612	BC10_run3
66	0.00333883113288	BC10_run3
67	0.00114747571735	BC10_run3
68	0.000449696069699	BC10_run3
69	0.00234428768066	BC10_run3
70	0.0034257713406	BC10_run3
71	0.000217946166861	BC10_run3
72	1.47899162647e-05	BC10_run3
73	0.000570634393276	BC10_run3
74	0.0	BC10_run3
75	0.0	BC10_run3
1	0.0179199147407	BC9_run1
2	0.00550059733049	BC9_run1
3	0.0740431968784	BC9_run1
4	0.0115598490774	BC9_run1
5	0.00459815558096	BC9_run1
6	0.0130639186599	BC9_run1
7	0.00507086316405	BC9_run1
8	0.00764926816271	BC9_run1
9	0.00498491633076	BC9_run1
10	0.00597330491358	BC9_run1
11	0.00416842141451	BC9_run1
12	0.0042543682478	BC9_run1
13	0.00451220874767	BC9_run1
14	0.00369571383142	BC9_run1
15	0.0184785691571	BC9_run1
16	0.00343787333156	BC9_run1
17	0.0138804135762	BC9_run1
18	0.00240651133209	BC9_run1
19	0.00167596324913	BC9_run1
20	0.00214867083222	BC9_run1
21	0.00339489991491	BC9_run1
22	0.00219164424887	BC9_run1
23	0.00330895308162	BC9_run1
24	0.00300813916511	BC9_run1
25	0.000902441749534	BC9_run1
26	0.000301182658247	BC9_run1
27	0.0	BC9_run1
28	0.0	BC9_run1
29	0.000172467168719	BC9_run1
30	0.00112173015659	BC9_run1
31	0.000302110631187	BC9_run1
32	0.000129517964358	BC9_run1
33	0.000302280490385	BC9_run1
34	0.00069161375101	BC9_run1
35	0.000172956518731	BC9_run1
36	0.000648726916674	BC9_run1
37	0.000216401128056	BC9_run1
38	0.000865931317792	BC9_run1
39	0.000129927612996	BC9_run1
40	0.00103983116608	BC9_run1
41	0.00125690321585	BC9_run1
42	0.00238456846031	BC9_run1
43	0.000216849181394	BC9_run1
44	0.00151835188542	BC9_run1
45	0.00212623039312	BC9_run1
46	0.00221408173348	BC9_run1
47	0.00191289044703	BC9_run1
48	0.00752402905232	BC9_run1
49	0.00517778062048	BC9_run1
50	0.00522416454725	BC9_run1
51	0.00418149791709	BC9_run1
52	0.00464094009685	BC9_run1
53	0.00294988634743	BC9_run1
54	0.00820385821983	BC9_run1
55	0.0088727451178	BC9_run1
56	0.00657850375221	BC9_run1
57	0.00923017586232	BC9_run1
58	0.00844686118528	BC9_run1
59	0.003332577949	BC9_run1
60	0.00905344053003	BC9_run1
61	0.00565048200098	BC9_run1
62	0.0113101886197	BC9_run1
63	0.0047725898235	BC9_run1
64	0.00530395391088	BC9_run1
65	0.00156967918	BC9_run1
66	0.00254481874903	BC9_run1
67	0.00396905633813	BC9_run1
68	0.00277330551033	BC9_run1
69	0.00120204497902	BC9_run1
70	0.000528757615998	BC9_run1
71	0.000834338964616	BC9_run1
72	7.7176214908e-05	BC9_run1
73	0.0009949011317	BC9_run1
74	0.0	BC9_run1
75	0.0	BC9_run1
1	0.312169321222	BC12_run2
2	0.0631524289626	BC12_run2
3	0.0685630502046	BC12_run2
4	0.0639437055869	BC12_run2
5	0.0673868281955	BC12_run2
6	0.058083981396	BC12_run2
7	0.199957741551	BC12_run2
8	0.0362704095904	BC12_run2
9	0.00938839021828	BC12_run2
10	0.0122113230402	BC12_run2
11	0.0113558888517	BC12_run2
12	0.0131095289381	BC12_run2
13	0.00992303658606	BC12_run2
14	0.0119119210742	BC12_run2
15	0.0212789254378	BC12_run2
16	0.189735302999	BC12_run2
17	0.363516758383	BC12_run2
18	0.197305895567	BC12_run2
19	0.0836186919214	BC12_run2
20	0.0866554832904	BC12_run2
21	0.101176478639	BC12_run2
22	0.117878831169	BC12_run2
23	0.0750857358915	BC12_run2
24	0.0349444865983	BC12_run2
25	0.0361420944622	BC12_run2
26	0.0291155192991	BC12_run2
27	0.0248008602197	BC12_run2
28	0.0309294613501	BC12_run2
29	0.0312361575544	BC12_run2
30	0.017559728775	BC12_run2
31	0.0401403240614	BC12_run2
32	0.060770252233	BC12_run2
33	0.295420911565	BC12_run2
34	0.208776773112	BC12_run2
35	0.210941320818	BC12_run2
36	0.0958480438373	BC12_run2
37	0.178474648122	BC12_run2
38	0.0210197430997	BC12_run2
39	0.00485429698718	BC12_run2
40	0.00425410408246	BC12_run2
41	0.00455599761627	BC12_run2
42	0.000988773976157	BC12_run2
43	0.00283799438077	BC12_run2
44	0.00326879822418	BC12_run2
45	2.15111126408e-05	BC12_run2
46	0.00249599618543	BC12_run2
47	0.00684513821905	BC12_run2
48	0.00180877345565	BC12_run2
49	0.00168005252103	BC12_run2
50	0.00258549867052	BC12_run2
51	0.0013147234587	BC12_run2
52	0.00144453897431	BC12_run2
53	0.000582358170981	BC12_run2
54	0.0051353011606	BC12_run2
55	0.00215866955151	BC12_run2
56	0.00190051454272	BC12_run2
57	0.00235512115694	BC12_run2
58	0.00685226431669	BC12_run2
59	0.00421691462846	BC12_run2
60	0.00458692272658	BC12_run2
61	0.00296568892737	BC12_run2
62	0.001927591853	BC12_run2
63	0.0022537579789	BC12_run2
64	0.000823968104628	BC12_run2
65	0.000586210505153	BC12_run2
66	0.000152176129522	BC12_run2
67	0.000696458097054	BC12_run2
68	0.00130776592821	BC12_run2
69	0.00115984858067	BC12_run2
70	0.000154500011477	BC12_run2
71	0.000976489896104	BC12_run2
72	0.00230508474576	BC12_run2
73	0.000291502979646	BC12_run2
74	0.0	BC12_run2
75	0.0	BC12_run2
1	0.315090049588	BC5_run2
2	0.0639011406113	BC5_run2
3	0.0688201328174	BC5_run2
4	0.0640384148124	BC5_run2
5	0.0660517697619	BC5_run2
6	0.0591194226064	BC5_run2
7	0.20209050305	BC5_run2
8	0.0355997761515	BC5_run2
9	0.00965495214393	BC5_run2
10	0.0123089200318	BC5_run2
11	0.0110963312555	BC5_run2
12	0.0133613555736	BC5_run2
13	0.0101582908813	BC5_run2
14	0.0116911861269	BC5_run2
15	0.0212317431032	BC5_run2
16	0.191772058935	BC5_run2
17	0.367162729871	BC5_run2
18	0.19948229323	BC5_run2
19	0.0833483191003	BC5_run2
20	0.0857506176195	BC5_run2
21	0.1040996025	BC5_run2
22	0.11952007109	BC5_run2
23	0.0789555446651	BC5_run2
24	0.0391002682795	BC5_run2
25	0.0398781554191	BC5_run2
26	0.0326910525531	BC5_run2
27	0.027943280205	BC5_run2
28	0.0347641737876	BC5_run2
29	0.0349891630787	BC5_run2
30	0.0183772984675	BC5_run2
31	0.0421555752318	BC5_run2
32	0.0630083162123	BC5_run2
33	0.304527517687	BC5_run2
34	0.21692841994	BC5_run2
35	0.218995298704	BC5_run2
36	0.0987052797464	BC5_run2
37	0.186951144109	BC5_run2
38	0.0214613760017	BC5_run2
39	0.00439077521733	BC5_run2
40	0.00416257012216	BC5_run2
41	0.00433212586175	BC5_run2
42	0.00063960869214	BC5_run2
43	0.00284469258593	BC5_run2
44	0.00341599973621	BC5_run2
45	0.0	BC5_run2
46	0.00256651735714	BC5_run2
47	0.00699365741878	BC5_run2
48	0.00128581960046	BC5_run2
49	0.00154917707714	BC5_run2
50	0.00229037793145	BC5_run2
51	0.000764369489523	BC5_run2
52	0.00153060724212	BC5_run2
53	0.000623531852285	BC5_run2
54	0.00521125265546	BC5_run2
55	0.00245261700245	BC5_run2
56	0.0020474453302	BC5_run2
57	0.00217162863703	BC5_run2
58	0.00722005097501	BC5_run2
59	0.00428425784552	BC5_run2
60	0.00469947237522	BC5_run2
61	0.00324871403049	BC5_run2
62	0.00223193545437	BC5_run2
63	0.00247680724976	BC5_run2
64	0.000971994883419	BC5_run2
65	0.000437880241214	BC5_run2
66	0.000243579962917	BC5_run2
67	0.00109728692151	BC5_run2
68	0.00122166411176	BC5_run2
69	0.00100533292335	BC5_run2
70	0.000345522546087	BC5_run2
71	0.000595866474268	BC5_run2
72	0.00235123805325	BC5_run2
73	0.00027067035031	BC5_run2
74	0.0	BC5_run2
75	0.0	BC5_run2
1	0.304433267152	BC16_run2
2	0.0599548990259	BC16_run2
3	0.0651664067117	BC16_run2
4	0.0605189150092	BC16_run2
5	0.0635646013191	BC16_run2
6	0.0592780798459	BC16_run2
7	0.19567970525	BC16_run2
8	0.0347546648916	BC16_run2
9	0.00880992965931	BC16_run2
10	0.0114156835022	BC16_run2
11	0.0102876515356	BC16_run2
12	0.0124083516328	BC16_run2
13	0.00899041477397	BC16_run2
14	0.0108629478386	BC16_run2
15	0.0208460307432	BC16_run2
16	0.186576487279	BC16_run2
17	0.356390419534	BC16_run2
18	0.193559005153	BC16_run2
19	0.0806655659331	BC16_run2
20	0.0829103495466	BC16_run2
21	0.0992329721037	BC16_run2
22	0.115217185071	BC16_run2
23	0.0758827103946	BC16_run2
24	0.0344500962606	BC16_run2
25	0.0350366728833	BC16_run2
26	0.028024044269	BC16_run2
27	0.0245981114292	BC16_run2
28	0.0299747133499	BC16_run2
29	0.0302949855704	BC16_run2
30	0.017622981542	BC16_run2
31	0.0399052571958	BC16_run2
32	0.0599400937898	BC16_run2
33	0.291687279694	BC16_run2
34	0.204959970257	BC16_run2
35	0.207421596265	BC16_run2
36	0.0937674131605	BC16_run2
37	0.177544104848	BC16_run2
38	0.0227123917156	BC16_run2
39	0.00503107253855	BC16_run2
40	0.00469518815796	BC16_run2
41	0.00477890959359	BC16_run2
42	0.00103390774294	BC16_run2
43	0.00312777269941	BC16_run2
44	0.0032911807857	BC16_run2
45	1.14047778036e-05	BC16_run2
46	0.00237647309912	BC16_run2
47	0.00668627209876	BC16_run2
48	0.00180135918861	BC16_run2
49	0.00182846281821	BC16_run2
50	0.00237503729731	BC16_run2
51	0.00107528087666	BC16_run2
52	0.00149636939027	BC16_run2
53	0.000384151268991	BC16_run2
54	0.00536352299561	BC16_run2
55	0.0022175787349	BC16_run2
56	0.00199120875444	BC16_run2
57	0.00232044656757	BC16_run2
58	0.00737780276182	BC16_run2
59	0.005000260181	BC16_run2
60	0.00485783030541	BC16_run2
61	0.00325214732397	BC16_run2
62	0.00233501762695	BC16_run2
63	0.00235068325302	BC16_run2
64	0.00108493379561	BC16_run2
65	0.000608669793159	BC16_run2
66	0.000200344693044	BC16_run2
67	0.00111087056275	BC16_run2
68	0.00140136189445	BC16_run2
69	0.00136612761333	BC16_run2
70	0.000209532003722	BC16_run2
71	0.000981680124307	BC16_run2
72	0.00283827882951	BC16_run2
73	0.000328309893499	BC16_run2
74	0.0	BC16_run2
75	0.0	BC16_run2
1	0.333533599276	BC9_run2
2	0.0679372249664	BC9_run2
3	0.0742009407434	BC9_run2
4	0.069345634431	BC9_run2
5	0.0699757123494	BC9_run2
6	0.063081918654	BC9_run2
7	0.214041175221	BC9_run2
8	0.0409180012891	BC9_run2
9	0.00926585174118	BC9_run2
10	0.0134540167282	BC9_run2
11	0.011563782973	BC9_run2
12	0.0144917921232	BC9_run2
13	0.0107483880198	BC9_run2
14	0.0132316362864	BC9_run2
15	0.0234611366087	BC9_run2
16	0.203885801713	BC9_run2
17	0.386311890793	BC9_run2
18	0.212188004873	BC9_run2
19	0.0871360697741	BC9_run2
20	0.0900640789243	BC9_run2
21	0.112042679254	BC9_run2
22	0.126719788412	BC9_run2
23	0.0866913088905	BC9_run2
24	0.04102919151	BC9_run2
25	0.0422152205328	BC9_run2
26	0.0335398656921	BC9_run2
27	0.0295120269862	BC9_run2
28	0.0356207236096	BC9_run2
29	0.0361949518076	BC9_run2
30	0.0207837828493	BC9_run2
31	0.0442222628037	BC9_run2
32	0.0662621241829	BC9_run2
33	0.31612607681	BC9_run2
34	0.224743959866	BC9_run2
35	0.226808648086	BC9_run2
36	0.102097964114	BC9_run2
37	0.189881324172	BC9_run2
38	0.0226063646242	BC9_run2
39	0.00541055476097	BC9_run2
40	0.00515121811377	BC9_run2
41	0.00522765699401	BC9_run2
42	0.000485585578855	BC9_run2
43	0.00332523197229	BC9_run2
44	0.00426033804661	BC9_run2
45	0.0	BC9_run2
46	0.00261795084012	BC9_run2
47	0.00707844755039	BC9_run2
48	0.00138637270569	BC9_run2
49	0.00138696827104	BC9_run2
50	0.00180020634865	BC9_run2
51	0.00120074100729	BC9_run2
52	0.00116862241282	BC9_run2
53	0.000510997122622	BC9_run2
54	0.00674365910013	BC9_run2
55	0.00260805376317	BC9_run2
56	0.00158479417952	BC9_run2
57	0.00252199035479	BC9_run2
58	0.0081177488916	BC9_run2
59	0.00522946266963	BC9_run2
60	0.00567099244217	BC9_run2
61	0.00444580013905	BC9_run2
62	0.00278077827186	BC9_run2
63	0.00309656003146	BC9_run2
64	0.00105401256383	BC9_run2
65	0.000372172420039	BC9_run2
66	0.000124210718516	BC9_run2
67	0.00105630083448	BC9_run2
68	0.00167893533114	BC9_run2
69	0.00112181055237	BC9_run2
70	0.0	BC9_run2
71	0.000880620560729	BC9_run2
72	0.00217528581016	BC9_run2
73	0.00041201971377	BC9_run2
74	0.0	BC9_run2
75	0.0	BC9_run2
1	0.0167159427378	BC8_run1
2	0.00623306339374	BC8_run1
3	0.0833835683373	BC8_run1
4	0.0124443328595	BC8_run1
5	0.00453313701363	BC8_run1
6	0.0115725757415	BC8_run1
7	0.00544848198754	BC8_run1
8	0.00797657762975	BC8_run1
9	0.00560103948319	BC8_run1
10	0.00618947553784	BC8_run1
11	0.00466390058133	BC8_run1
12	0.00479466414903	BC8_run1
13	0.00564462733909	BC8_run1
14	0.00479466414903	BC8_run1
15	0.0185248387576	BC8_run1
16	0.00390111310308	BC8_run1
17	0.013098150698	BC8_run1
18	0.00318191348072	BC8_run1
19	0.00239733207452	BC8_run1
20	0.00270244706582	BC8_run1
21	0.00438057951798	BC8_run1
22	0.00257168349812	BC8_run1
23	0.00350882239997	BC8_run1
24	0.00355241025587	BC8_run1
25	0.000893551045956	BC8_run1
26	0.000305232203218	BC8_run1
27	2.18103174143e-05	BC8_run1
28	2.18179358705e-05	BC8_run1
29	4.36491568074e-05	BC8_run1
30	0.00104790520475	BC8_run1
31	0.000633249991811	BC8_run1
32	0.000240282169905	BC8_run1
33	0.000305897529572	BC8_run1
34	0.000393419920687	BC8_run1
35	0.000131172886739	BC8_run1
36	0.000721641300975	BC8_run1
37	0.000262494979784	BC8_run1
38	0.000568885963745	BC8_run1
39	0.00019699193318	BC8_run1
40	0.000656803664964	BC8_run1
41	0.00148907283318	BC8_run1
42	0.00210255934036	BC8_run1
43	0.000219058482262	BC8_run1
44	0.00118315528672	BC8_run1
45	0.00276126255443	BC8_run1
46	0.00206044061427	BC8_run1
47	0.00245556738515	BC8_run1
48	0.00767514404601	BC8_run1
49	0.00576855462174	BC8_run1
50	0.00581365630059	BC8_run1
51	0.00522262194054	BC8_run1
52	0.00555297660397	BC8_run1
53	0.00302966968697	BC8_run1
54	0.00652220029611	BC8_run1
55	0.00867694397594	BC8_run1
56	0.00639427073342	BC8_run1
57	0.00920963728096	BC8_run1
58	0.00901403595325	BC8_run1
59	0.00244103256997	BC8_run1
60	0.00596165052805	BC8_run1
61	0.00455515300033	BC8_run1
62	0.0102359710514	BC8_run1
63	0.00429404662366	BC8_run1
64	0.00486841296566	BC8_run1
65	0.000948201097135	BC8_run1
66	0.0026710580922	BC8_run1
67	0.00249657439063	BC8_run1
68	0.00212383882984	BC8_run1
69	0.00226801084109	BC8_run1
70	0.000717883786281	BC8_run1
71	0.000338325056399	BC8_run1
72	4.59535382157e-05	BC8_run1
73	0.000666879903574	BC8_run1
74	0.0	BC8_run1
75	0.0	BC8_run1
1	0.314020956088	BC11_run2
2	0.060889836763	BC11_run2
3	0.0665306963985	BC11_run2
4	0.0617546375433	BC11_run2
5	0.0636414756096	BC11_run2
6	0.0606146728783	BC11_run2
7	0.202618891927	BC11_run2
8	0.0373829791876	BC11_run2
9	0.00968969965272	BC11_run2
10	0.01189101073	BC11_run2
11	0.0115372285926	BC11_run2
12	0.0128933934527	BC11_run2
13	0.00986659072143	BC11_run2
14	0.0113210283975	BC11_run2
15	0.0217772560146	BC11_run2
16	0.192398519068	BC11_run2
17	0.366203821358	BC11_run2
18	0.200456889976	BC11_run2
19	0.0821757286978	BC11_run2
20	0.0863031869678	BC11_run2
21	0.10430676685	BC11_run2
22	0.121170382067	BC11_run2
23	0.0778713793592	BC11_run2
24	0.036184050833	BC11_run2
25	0.03659679666	BC11_run2
26	0.0292933884233	BC11_run2
27	0.0253086942936	BC11_run2
28	0.0312156274046	BC11_run2
29	0.0313003454055	BC11_run2
30	0.018968779239	BC11_run2
31	0.0413502662772	BC11_run2
32	0.0626827919987	BC11_run2
33	0.298962963605	BC11_run2
34	0.212896371524	BC11_run2
35	0.21469327014	BC11_run2
36	0.0950372730155	BC11_run2
37	0.18292438961	BC11_run2
38	0.0221987354607	BC11_run2
39	0.00571914952697	BC11_run2
40	0.00534581610984	BC11_run2
41	0.00546535958416	BC11_run2
42	0.000986709613531	BC11_run2
43	0.00355285783989	BC11_run2
44	0.00412607793786	BC11_run2
45	1.97466426758e-05	BC11_run2
46	0.00280470004523	BC11_run2
47	0.00697445964732	BC11_run2
48	0.00173916343077	BC11_run2
49	0.00168028255631	BC11_run2
50	0.00237273161914	BC11_run2
51	0.00102843850007	BC11_run2
52	0.00138481248452	BC11_run2
53	0.000494716428543	BC11_run2
54	0.00595808123656	BC11_run2
55	0.00227719886322	BC11_run2
56	0.00180260879091	BC11_run2
57	0.00241750463586	BC11_run2
58	0.0073935218873	BC11_run2
59	0.0041838058952	BC11_run2
60	0.00456246188857	BC11_run2
61	0.00325443317299	BC11_run2
62	0.00196534832821	BC11_run2
63	0.00234353851675	BC11_run2
64	0.000933873973509	BC11_run2
65	0.000497313512406	BC11_run2
66	0.000219086976932	BC11_run2
67	0.000976906722554	BC11_run2
68	0.00157717937241	BC11_run2
69	0.00138318353522	BC11_run2
70	0.000262756154406	BC11_run2
71	0.000731430651942	BC11_run2
72	0.00231725831927	BC11_run2
73	0.000289134524731	BC11_run2
74	0.0	BC11_run2
75	0.0	BC11_run2
1	0.0155622401868	BC15_run1
2	0.00515662755942	BC15_run1
3	0.076595160405	BC15_run1
4	0.0108058284976	BC15_run1
5	0.00410990912945	BC15_run1
6	0.011560081484	BC15_run1
7	0.00494112670619	BC15_run1
8	0.0078349953067	BC15_run1
9	0.00529516382221	BC15_run1
10	0.00595705929999	BC15_run1
11	0.00389440827622	BC15_run1
12	0.00381744368578	BC15_run1
13	0.00520280631368	BC15_run1
14	0.00444855332738	BC15_run1
15	0.0179019637361	BC15_run1
16	0.00347879948785	BC15_run1
17	0.0126837645044	BC15_run1
18	0.0027861181739	BC15_run1
19	0.00250904564831	BC15_run1
20	0.0026475819111	BC15_run1
21	0.0041714808018	BC15_run1
22	0.00250904564831	BC15_run1
23	0.00357115699637	BC15_run1
24	0.003155548208	BC15_run1
25	0.000862003412918	BC15_run1
26	0.000246342279048	BC15_run1
27	0.0	BC15_run1
28	0.0	BC15_run1
29	0.000292761833472	BC15_run1
30	0.00121754041117	BC15_run1
31	0.000724508887026	BC15_run1
32	0.000107930635139	BC15_run1
33	0.000416398256864	BC15_run1
34	0.000385713659756	BC15_run1
35	0.000293267624921	BC15_run1
36	0.00105017796656	BC15_run1
37	0.000123612946849	BC15_run1
38	0.000881317052573	BC15_run1
39	0.000247574964539	BC15_run1
40	0.000975553103769	BC15_run1
41	0.00141031220283	BC15_run1
42	0.00220246791183	BC15_run1
43	0.000186284667188	BC15_run1
44	0.00158518553975	BC15_run1
45	0.00297168728826	BC15_run1
46	0.00215046725914	BC15_run1
47	0.00240379174735	BC15_run1
48	0.00780034859273	BC15_run1
49	0.00685721800474	BC15_run1
50	0.00690237871658	BC15_run1
51	0.00610035364756	BC15_run1
52	0.00584734581723	BC15_run1
53	0.00359228086889	BC15_run1
54	0.00802914484371	BC15_run1
55	0.00956267698311	BC15_run1
56	0.00673242104242	BC15_run1
57	0.00969624512108	BC15_run1
58	0.0097590305944	BC15_run1
59	0.00293543605177	BC15_run1
60	0.00692662214855	BC15_run1
61	0.00508381224848	BC15_run1
62	0.0110194166686	BC15_run1
63	0.00461619679403	BC15_run1
64	0.00545684922512	BC15_run1
65	0.00168487265171	BC15_run1
66	0.00303942937122	BC15_run1
67	0.00332321228713	BC15_run1
68	0.00206677463184	BC15_run1
69	0.00223824526997	BC15_run1
70	0.00101401593449	BC15_run1
71	0.000468709557526	BC15_run1
72	3.55755980569e-05	BC15_run1
73	0.000966720081174	BC15_run1
74	0.0	BC15_run1
75	0.0	BC15_run1
1	0.0154956032611	BC12_run1
2	0.00518736933205	BC12_run1
3	0.0863453143091	BC12_run1
4	0.0109289447893	BC12_run1
5	0.00396811585657	BC12_run1
6	0.0124585536949	BC12_run1
7	0.00534254704711	BC12_run1
8	0.00753720330298	BC12_run1
9	0.00498785512697	BC12_run1
10	0.00558639774221	BC12_run1
11	0.00370209691646	BC12_run1
12	0.00359125569142	BC12_run1
13	0.00467749969685	BC12_run1
14	0.00423413479667	BC12_run1
15	0.0190425224625	BC12_run1
16	0.00367992867145	BC12_run1
17	0.0122147029998	BC12_run1
18	0.00254934817601	BC12_run1
19	0.0020173102958	BC12_run1
20	0.00206164678582	BC12_run1
21	0.00352475095639	BC12_run1
22	0.00192863731576	BC12_run1
23	0.0035469192014	BC12_run1
24	0.00274886238109	BC12_run1
25	0.000665047350263	BC12_run1
26	0.000377023061392	BC12_run1
27	0.0	BC12_run1
28	0.0	BC12_run1
29	0.000177617921648	BC12_run1
30	0.00108823884755	BC12_run1
31	0.000288790058513	BC12_run1
32	0.000133343171096	BC12_run1
33	0.000266772842258	BC12_run1
34	0.000467046531179	BC12_run1
35	0.000222476488129	BC12_run1
36	0.00086793327062	BC12_run1
37	0.000178100614826	BC12_run1
38	0.000846235454771	BC12_run1
39	0.000155947816296	BC12_run1
40	0.000935976739641	BC12_run1
41	0.00133745447639	BC12_run1
42	0.00256406025854	BC12_run1
43	0.000200712350433	BC12_run1
44	0.00156150802414	BC12_run1
45	0.002744633906	BC12_run1
46	0.00236606614717	BC12_run1
47	0.00276888558607	BC12_run1
48	0.00788519337152	BC12_run1
49	0.00630096491904	BC12_run1
50	0.00598987621518	BC12_run1
51	0.00552223212647	BC12_run1
52	0.00543475829863	BC12_run1
53	0.00326656124176	BC12_run1
54	0.00763249428122	BC12_run1
55	0.00918156225849	BC12_run1
56	0.00676607267121	BC12_run1
57	0.00932454435255	BC12_run1
58	0.0100464468767	BC12_run1
59	0.00318580155552	BC12_run1
60	0.00641981216887	BC12_run1
61	0.0048735438884	BC12_run1
62	0.0104265351725	BC12_run1
63	0.00449675267006	BC12_run1
64	0.00546683017663	BC12_run1
65	0.00121639593598	BC12_run1
66	0.0029773283215	BC12_run1
67	0.00329708869327	BC12_run1
68	0.00178677488039	BC12_run1
69	0.00224818254879	BC12_run1
70	0.000939036168696	BC12_run1
71	0.000529691146305	BC12_run1
72	0.0	BC12_run1
73	0.00093260351647	BC12_run1
74	0.0	BC12_run1
75	0.0	BC12_run1
1	0.0173215956818	BC7_run1
2	0.00604208879527	BC7_run1
3	0.0838551575792	BC7_run1
4	0.0120841775905	BC7_run1
5	0.0047009709552	BC7_run1
6	0.0134252954306	BC7_run1
7	0.00598562067569	BC7_run1
8	0.00835728169813	BC7_run1
9	0.00559034383862	BC7_run1
10	0.00666323811067	BC7_run1
11	0.0043762792676	BC7_run1
12	0.00434804520781	BC7_run1
13	0.00522330106133	BC7_run1
14	0.00463038580572	BC7_run1
15	0.0200461824516	BC7_run1
16	0.00420687490886	BC7_run1
17	0.0141593809852	BC7_run1
18	0.00290810815847	BC7_run1
19	0.00238577805234	BC7_run1
20	0.00258341647088	BC7_run1
21	0.00392453431095	BC7_run1
22	0.00262576756056	BC7_run1
23	0.00381159807178	BC7_run1
24	0.00335985311513	BC7_run1
25	0.000903489913312	BC7_run1
26	0.00024027304063	BC7_run1
27	0.0	BC7_run1
28	1.41581774235e-05	BC7_run1
29	0.000340084868179	BC7_run1
30	0.00134740745332	BC7_run1
31	0.000596097604454	BC7_run1
32	0.000113624484713	BC7_run1
33	0.000483207062327	BC7_run1
34	0.000384008683716	BC7_run1
35	8.53874834188e-05	BC7_run1
36	0.00076895878566	BC7_run1
37	0.000313469931181	BC7_run1
38	0.000983713693124	BC7_run1
39	0.000199716203275	BC7_run1
40	0.00112759557514	BC7_run1
41	0.0016992074411	BC7_run1
42	0.00241396500179	BC7_run1
43	0.000214329896863	BC7_run1
44	0.00152946835251	BC7_run1
45	0.00277430116212	BC7_run1
46	0.00253235621582	BC7_run1
47	0.00310618396854	BC7_run1
48	0.00840670221828	BC7_run1
49	0.00608933207764	BC7_run1
50	0.00636446358753	BC7_run1
51	0.00570814894196	BC7_run1
52	0.0058119986344	BC7_run1
53	0.00390924795842	BC7_run1
54	0.00706144303968	BC7_run1
55	0.00951217918701	BC7_run1
56	0.00650893163663	BC7_run1
57	0.00955373123639	BC7_run1
58	0.0090250729791	BC7_run1
59	0.00314758309655	BC7_run1
60	0.00655877529462	BC7_run1
61	0.00521801246339	BC7_run1
62	0.0110209141371	BC7_run1
63	0.00389329590366	BC7_run1
64	0.00430128643222	BC7_run1
65	0.00149287824607	BC7_run1
66	0.00285842386218	BC7_run1
67	0.00289040093492	BC7_run1
68	0.00210956068908	BC7_run1
69	0.00208743155998	BC7_run1
70	0.000807802846756	BC7_run1
71	0.00035447537718	BC7_run1
72	3.00588431914e-05	BC7_run1
73	0.00106136456104	BC7_run1
74	0.0	BC7_run1
75	0.0	BC7_run1
1	0.000314219189594	BC11_run3
2	0.00125687675838	BC11_run3
3	0.00100931012415	BC11_run3
4	0.00366589054527	BC11_run3
5	0.0794403242056	BC11_run3
6	0.00220905612079	BC11_run3
7	0.0035611508154	BC11_run3
8	0.00218049073991	BC11_run3
9	0.0111595421274	BC11_run3
10	0.00297079961071	BC11_run3
11	0.00910283470461	BC11_run3
12	0.00782691435899	BC11_run3
13	0.0272608951457	BC11_run3
14	0.0127687252499	BC11_run3
15	0.012359288124	BC11_run3
16	0.0141303417381	BC11_run3
17	0.0122640701878	BC11_run3
18	0.0135495123271	BC11_run3
19	0.00792213229523	BC11_run3
20	0.00861722322979	BC11_run3
21	0.00459902632043	BC11_run3
22	0.0118736766492	BC11_run3
23	0.00577020693619	BC11_run3
24	0.00129496393287	BC11_run3
25	0.00504655062076	BC11_run3
26	9.52443722958e-06	BC11_run3
27	0.0	BC11_run3
28	0.000485971850795	BC11_run3
29	0.0	BC11_run3
30	0.00211621893067	BC11_run3
31	0.00692198361931	BC11_run3
32	0.0111105558482	BC11_run3
33	0.0105026756067	BC11_run3
34	0.00260475926729	BC11_run3
35	0.00453303013883	BC11_run3
36	0.0022241271017	BC11_run3
37	0.0111326103947	BC11_run3
38	0.00500404286555	BC11_run3
39	0.00144240872705	BC11_run3
40	0.000181536357481	BC11_run3
41	0.00345949599157	BC11_run3
42	0.00187345678776	BC11_run3
43	0.00217977065753	BC11_run3
44	0.00214198696065	BC11_run3
45	0.00212338817382	BC11_run3
46	0.00665888521077	BC11_run3
47	0.000296677376082	BC11_run3
48	0.000852007943395	BC11_run3
49	0.00042132836983	BC11_run3
50	0.00541157208659	BC11_run3
51	0.00185866892287	BC11_run3
52	0.00480123647652	BC11_run3
53	0.000402616701806	BC11_run3
54	9.58913344056e-06	BC11_run3
55	1.91855540452e-05	BC11_run3
56	0.000239913093881	BC11_run3
57	0.000211200520398	BC11_run3
58	0.00134444678656	BC11_run3
59	0.0	BC11_run3
60	0.00173961399984	BC11_run3
61	0.000942300806263	BC11_run3
62	0.0052424997624	BC11_run3
63	0.00501402579885	BC11_run3
64	0.000298485158933	BC11_run3
65	0.00308472803206	BC11_run3
66	0.00348428188323	BC11_run3
67	0.00118841842764	BC11_run3
68	0.000396729862186	BC11_run3
69	0.00211813437833	BC11_run3
70	0.00328255241085	BC11_run3
71	0.000265996775134	BC11_run3
72	1.00375353635e-05	BC11_run3
73	0.000485969152622	BC11_run3
74	0.0	BC11_run3
75	0.0	BC11_run3
1	0.315107866448	BC14_run2
2	0.0628812803931	BC14_run2
3	0.0684178393441	BC14_run2
4	0.0633322218462	BC14_run2
5	0.0653865106877	BC14_run2
6	0.0611526714899	BC14_run2
7	0.203925745976	BC14_run2
8	0.0379041343565	BC14_run2
9	0.00889356754564	BC14_run2
10	0.0118246869903	BC14_run2
11	0.0109979609931	BC14_run2
12	0.0128017268051	BC14_run2
13	0.010096078087	BC14_run2
14	0.0115240593549	BC14_run2
15	0.0231984325275	BC14_run2
16	0.192877680377	BC14_run2
17	0.369521468446	BC14_run2
18	0.20046852817	BC14_run2
19	0.0840003717762	BC14_run2
20	0.0895369307271	BC14_run2
21	0.105269776977	BC14_run2
22	0.121177989347	BC14_run2
23	0.0800170556078	BC14_run2
24	0.0359751070297	BC14_run2
25	0.036776780724	BC14_run2
26	0.0300717709589	BC14_run2
27	0.0262590472585	BC14_run2
28	0.0317277452978	BC14_run2
29	0.0327012269118	BC14_run2
30	0.0191666000112	BC14_run2
31	0.043032605881	BC14_run2
32	0.0630012781554	BC14_run2
33	0.3026609064	BC14_run2
34	0.21355103605	BC14_run2
35	0.215494455055	BC14_run2
36	0.0969241914901	BC14_run2
37	0.183790423269	BC14_run2
38	0.0225894842405	BC14_run2
39	0.00509717859753	BC14_run2
40	0.00406228498453	BC14_run2
41	0.00538953499753	BC14_run2
42	0.0010434848117	BC14_run2
43	0.00316031299332	BC14_run2
44	0.0031386150185	BC14_run2
45	2.55594386023e-05	BC14_run2
46	0.00256076765669	BC14_run2
47	0.00723495994218	BC14_run2
48	0.00167061231025	BC14_run2
49	0.00157158249082	BC14_run2
50	0.00219360386405	BC14_run2
51	0.00150121702111	BC14_run2
52	0.00129875257413	BC14_run2
53	0.000548752698834	BC14_run2
54	0.00506882583955	BC14_run2
55	0.00224095153569	BC14_run2
56	0.00222223086423	BC14_run2
57	0.0023999339181	BC14_run2
58	0.00729706988965	BC14_run2
59	0.00524172700609	BC14_run2
60	0.00538578851983	BC14_run2
61	0.00388391373256	BC14_run2
62	0.00254309871128	BC14_run2
63	0.00337665387594	BC14_run2
64	0.00107066774182	BC14_run2
65	0.00052225433233	BC14_run2
66	0.000185773467833	BC14_run2
67	0.0010888173173	BC14_run2
68	0.00156516126326	BC14_run2
69	0.00113974545685	BC14_run2
70	0.000448358974129	BC14_run2
71	0.00100652553231	BC14_run2
72	0.00202582225967	BC14_run2
73	0.00017919162358	BC14_run2
74	0.0	BC14_run2
75	0.0	BC14_run2
1	0.0165152649079	BC16_run1
2	0.0057495836284	BC16_run1
3	0.077087010129	BC16_run1
4	0.0111915763631	BC16_run1
5	0.00427078125484	BC16_run1
6	0.0131435954962	BC16_run1
7	0.00558395776256	BC16_run1
8	0.0076069594096	BC16_run1
9	0.00551297524863	BC16_run1
10	0.00608083536008	BC16_run1
11	0.00434176376877	BC16_run1
12	0.00435359418776	BC16_run1
13	0.00526453644988	BC16_run1
14	0.0045192200536	BC16_run1
15	0.0200880514424	BC16_run1
16	0.00385671659025	BC16_run1
17	0.0142911461381	BC16_run1
18	0.0028747918142	BC16_run1
19	0.00222411876984	BC16_run1
20	0.00248438798758	BC16_run1
21	0.00395135994215	BC16_run1
22	0.0024607271496	BC16_run1
23	0.00372658198137	BC16_run1
24	0.00327702605981	BC16_run1
25	0.00101741603301	BC16_run1
26	0.000295843038464	BC16_run1
27	0.0	BC16_run1
28	0.0	BC16_run1
29	0.000142119071148	BC16_run1
30	0.00125569936472	BC16_run1
31	0.000402856346285	BC16_run1
32	4.74065477687e-05	BC16_run1
33	0.000248953122483	BC16_run1
34	0.000450641583166	BC16_run1
35	0.000213544156779	BC16_run1
36	0.000712111147257	BC16_run1
37	0.000189989748866	BC16_run1
38	0.00116437022363	BC16_run1
39	0.000273483492417	BC16_run1
40	0.00116622891431	BC16_run1
41	0.00181048250312	BC16_run1
42	0.00262303807185	BC16_run1
43	0.000143234890778	BC16_run1
44	0.00193610703373	BC16_run1
45	0.00294442364463	BC16_run1
46	0.0027819920694	BC16_run1
47	0.00314823777991	BC16_run1
48	0.00841738880798	BC16_run1
49	0.00669838846429	BC16_run1
50	0.00648574111027	BC16_run1
51	0.00600741351236	BC16_run1
52	0.00607560413604	BC16_run1
53	0.00332357927983	BC16_run1
54	0.007260739916	BC16_run1
55	0.0100116593346	BC16_run1
56	0.00656659391886	BC16_run1
57	0.00971747860011	BC16_run1
58	0.00961614473272	BC16_run1
59	0.00312601768196	BC16_run1
60	0.00657537870269	BC16_run1
61	0.0052419236616	BC16_run1
62	0.0107765073672	BC16_run1
63	0.0046657893783	BC16_run1
64	0.00506085058013	BC16_run1
65	0.00174785222875	BC16_run1
66	0.00336606569245	BC16_run1
67	0.0030623522763	BC16_run1
68	0.00211376610242	BC16_run1
69	0.0018273362189	BC16_run1
70	0.000866725182081	BC16_run1
71	0.000292661879647	BC16_run1
72	0.0	BC16_run1
73	0.000987673675753	BC16_run1
74	0.0	BC16_run1
75	0.0	BC16_run1
1	0.0168590750446	BC14_run1
2	0.00586632391832	BC14_run1
3	0.0765000348808	BC14_run1
4	0.0107020774186	BC14_run1
5	0.00383160796467	BC14_run1
6	0.0127367933722	BC14_run1
7	0.00430725584994	BC14_run1
8	0.00689689433641	BC14_run1
9	0.00467720420515	BC14_run1
10	0.00504715256036	BC14_run1
11	0.0038844577297	BC14_run1
12	0.00348808449198	BC14_run1
13	0.00457150467509	BC14_run1
14	0.00393730749473	BC14_run1
15	0.0192637393534	BC14_run1
16	0.0028274624291	BC14_run1
17	0.0133181407875	BC14_run1
18	0.0022989647788	BC14_run1
19	0.00198186618862	BC14_run1
20	0.00192901642359	BC14_run1
21	0.00319741078431	BC14_run1
22	0.00190259154108	BC14_run1
23	0.00332953519689	BC14_run1
24	0.00280103754659	BC14_run1
25	0.000739896710419	BC14_run1
26	0.00023813303699	BC14_run1
27	0.0	BC14_run1
28	0.0	BC14_run1
29	0.000132637991924	BC14_run1
30	0.00127428745429	BC14_run1
31	0.000398428385951	BC14_run1
32	7.97350669509e-05	BC14_run1
33	0.000478703033913	BC14_run1
34	0.000452423660161	BC14_run1
35	7.99115645352e-05	BC14_run1
36	0.000639986176299	BC14_run1
37	0.000160219650459	BC14_run1
38	0.000882286887613	BC14_run1
39	0.0002141979505	BC14_run1
40	0.00096501731804	BC14_run1
41	0.00118092621654	BC14_run1
42	0.00198847918156	BC14_run1
43	0.000215285658504	BC14_run1
44	0.00207472569162	BC14_run1
45	0.00248310007487	BC14_run1
46	0.00356988413292	BC14_run1
47	0.00270965626655	BC14_run1
48	0.00906665074121	BC14_run1
49	0.00672143593818	BC14_run1
50	0.00640564001611	BC14_run1
51	0.00524922758436	BC14_run1
52	0.00562613843539	BC14_run1
53	0.00316810641117	BC14_run1
54	0.00677039772001	BC14_run1
55	0.0112283129387	BC14_run1
56	0.00683026726954	BC14_run1
57	0.00994073134789	BC14_run1
58	0.00990954342597	BC14_run1
59	0.00300972171796	BC14_run1
60	0.00665356328557	BC14_run1
61	0.00496644923232	BC14_run1
62	0.0113711295075	BC14_run1
63	0.00404633539589	BC14_run1
64	0.00426705094012	BC14_run1
65	0.00163593026356	BC14_run1
66	0.00382609980579	BC14_run1
67	0.00331433995583	BC14_run1
68	0.00253532102502	BC14_run1
69	0.00209235026618	BC14_run1
70	0.000887685581767	BC14_run1
71	0.000380882206291	BC14_run1
72	0.0	BC14_run1
73	0.00110863515926	BC14_run1
74	0.0	BC14_run1
75	0.0	BC14_run1
1	0.000173804629692	BC14_run3
2	0.00115869753128	BC14_run3
3	0.000869023148459	BC14_run3
4	0.00330228796415	BC14_run3
5	0.0768795812004	BC14_run3
6	0.00196978580317	BC14_run3
7	0.00341815771727	BC14_run3
8	0.00225946018599	BC14_run3
9	0.0115290404362	BC14_run3
10	0.00254913456881	BC14_run3
11	0.00869023148459	BC14_run3
12	0.00614109691578	BC14_run3
13	0.0262444990835	BC14_run3
14	0.0121083892019	BC14_run3
15	0.0121663240784	BC14_run3
16	0.0139623052519	BC14_run3
17	0.0114711055597	BC14_run3
18	0.0128615425972	BC14_run3
19	0.0070680549408	BC14_run3
20	0.00857436173146	BC14_run3
21	0.00475065987824	BC14_run3
22	0.010891756794	BC14_run3
23	0.0049823993845	BC14_run3
24	0.00104282777815	BC14_run3
25	0.00480859475481	BC14_run3
26	0.0	BC14_run3
27	0.0	BC14_run3
28	0.000522807476147	BC14_run3
29	0.0	BC14_run3
30	0.00273375495202	BC14_run3
31	0.00686706468484	BC14_run3
32	0.0104812952552	BC14_run3
33	0.0101960852859	BC14_run3
34	0.00268174350639	BC14_run3
35	0.00437600246923	BC14_run3
36	0.00245318218616	BC14_run3
37	0.0107615240424	BC14_run3
38	0.00573792664119	BC14_run3
39	0.000879558016233	BC14_run3
40	0.000117413475075	BC14_run3
41	0.00323259775082	BC14_run3
42	0.00105914376464	BC14_run3
43	0.00229802970469	BC14_run3
44	0.00265493304259	BC14_run3
45	0.00248201572771	BC14_run3
46	0.00645503623111	BC14_run3
47	0.000356000477041	BC14_run3
48	0.000951168212909	BC14_run3
49	0.000476796973293	BC14_run3
50	0.00549195369089	BC14_run3
51	0.00179603722347	BC14_run3
52	0.00474996542747	BC14_run3
53	0.000252704570668	BC14_run3
54	0.0	BC14_run3
55	0.0	BC14_run3
56	0.00038368789292	BC14_run3
57	0.000642530645499	BC14_run3
58	0.00155106794259	BC14_run3
59	0.0	BC14_run3
60	0.000959497552253	BC14_run3
61	0.00137907257369	BC14_run3
62	0.00478263611972	BC14_run3
63	0.00459761147118	BC14_run3
64	0.000280211727982	BC14_run3
65	0.00323648048226	BC14_run3
66	0.00375814293848	BC14_run3
67	0.001353645617	BC14_run3
68	0.000501902569239	BC14_run3
69	0.00261099635621	BC14_run3
70	0.0036689923186	BC14_run3
71	0.00029780938859	BC14_run3
72	0.0	BC14_run3
73	0.000493743853918	BC14_run3
74	0.0	BC14_run3
75	0.0	BC14_run3
1	9.46626963028e-05	BC15_run3
2	0.000788855802524	BC15_run3
3	0.000410205017312	BC15_run3
4	0.0032816401385	BC15_run3
5	0.0783176040745	BC15_run3
6	0.00211413355076	BC15_run3
7	0.0032500859064	BC15_run3
8	0.00183014546185	BC15_run3
9	0.010002691576	BC15_run3
10	0.00249278433597	BC15_run3
11	0.00804632918574	BC15_run3
12	0.00653172604489	BC15_run3
13	0.0263477838043	BC15_run3
14	0.012811018233	BC15_run3
15	0.0112964150921	BC15_run3
16	0.0132212232503	BC15_run3
17	0.0118328370379	BC15_run3
18	0.0115172947168	BC15_run3
19	0.00697348529431	BC15_run3
20	0.00855119689935	BC15_run3
21	0.00400738747682	BC15_run3
22	0.0111070896995	BC15_run3
23	0.00517489406455	BC15_run3
24	0.00145149467664	BC15_run3
25	0.00473313481514	BC15_run3
26	0.000126228718233	BC15_run3
27	0.0	BC15_run3
28	0.000378794933365	BC15_run3
29	0.0	BC15_run3
30	0.00170511436423	BC15_run3
31	0.00663244325945	BC15_run3
32	0.010455889414	BC15_run3
33	0.0101417507126	BC15_run3
34	0.00205433949193	BC15_run3
35	0.00385729403236	BC15_run3
36	0.00199288760557	BC15_run3
37	0.00993686923428	BC15_run3
38	0.00430604860516	BC15_run3
39	0.00167912652472	BC15_run3
40	9.51108278922e-05	BC15_run3
41	0.00374374033925	BC15_run3
42	0.0017780227498	BC15_run3
43	0.00165241669119	BC15_run3
44	0.00162228446281	BC15_run3
45	0.00168778843667	BC15_run3
46	0.00615491768356	BC15_run3
47	0.000191636228446	BC15_run3
48	0.000575717575986	BC15_run3
49	0.000384338956212	BC15_run3
50	0.00558355175503	BC15_run3
51	0.00135064604294	BC15_run3
52	0.0047384229368	BC15_run3
53	0.000549986137114	BC15_run3
54	0.0	BC15_run3
55	0.0	BC15_run3
56	0.000326036208277	BC15_run3
57	0.000228895058156	BC15_run3
58	0.00118088501427	BC15_run3
59	0.0	BC15_run3
60	0.00198366976924	BC15_run3
61	0.00106151548585	BC15_run3
62	0.00545907854749	BC15_run3
63	0.0053819783952	BC15_run3
64	0.000302041599854	BC15_run3
65	0.00401246629444	BC15_run3
66	0.00389818615703	BC15_run3
67	0.00126118535062	BC15_run3
68	0.000411460829958	BC15_run3
69	0.00204090668836	BC15_run3
70	0.00305002354127	BC15_run3
71	0.000354080440703	BC15_run3
72	0.0	BC15_run3
73	0.000354979314566	BC15_run3
74	0.0	BC15_run3
75	0.0	BC15_run3
1	0.310872609912	BC10_run2
2	0.0624997108331	BC10_run2
3	0.0677212391282	BC10_run2
4	0.0628037491895	BC10_run2
5	0.0658970089896	BC10_run2
6	0.059908775274	BC10_run2
7	0.200414153118	BC10_run2
8	0.0375156893706	BC10_run2
9	0.00935909375419	BC10_run2
10	0.0132719352107	BC10_run2
11	0.0117120862517	BC10_run2
12	0.0139328881595	BC10_run2
13	0.0107206568286	BC10_run2
14	0.012610982262	BC10_run2
15	0.0215867233059	BC10_run2
16	0.191028621246	BC10_run2
17	0.360219357065	BC10_run2
18	0.198642799215	BC10_run2
19	0.0836502051928	BC10_run2
20	0.0854347781544	BC10_run2
21	0.101548811045	BC10_run2
22	0.118138730058	BC10_run2
23	0.0778866954798	BC10_run2
24	0.0366300124193	BC10_run2
25	0.0371719938373	BC10_run2
26	0.0296812008876	BC10_run2
27	0.0261067205156	BC10_run2
28	0.0314552209908	BC10_run2
29	0.0315220348295	BC10_run2
30	0.0189882307421	BC10_run2
31	0.0413719418433	BC10_run2
32	0.0605094117867	BC10_run2
33	0.295972475874	BC10_run2
34	0.209723500664	BC10_run2
35	0.21209967117	BC10_run2
36	0.0955608083727	BC10_run2
37	0.180681627323	BC10_run2
38	0.022058584834	BC10_run2
39	0.00487205659892	BC10_run2
40	0.00478117087012	BC10_run2
41	0.0046229140932	BC10_run2
42	0.00118600756273	BC10_run2
43	0.00341239287786	BC10_run2
44	0.00378680703098	BC10_run2
45	1.33390584572e-05	BC10_run2
46	0.00270914318476	BC10_run2
47	0.00679714423794	BC10_run2
48	0.00185723972756	BC10_run2
49	0.00151048234647	BC10_run2
50	0.00215299590048	BC10_run2
51	0.00107026804729	BC10_run2
52	0.00124476629312	BC10_run2
53	0.000401811042732	BC10_run2
54	0.00522618737972	BC10_run2
55	0.0023062130721	BC10_run2
56	0.00179780611305	BC10_run2
57	0.00226877552708	BC10_run2
58	0.0076023033636	BC10_run2
59	0.0044627878767	BC10_run2
60	0.00457296139735	BC10_run2
61	0.0029337155238	BC10_run2
62	0.00181789927868	BC10_run2
63	0.00203487533761	BC10_run2
64	0.000822561375215	BC10_run2
65	0.000526532726642	BC10_run2
66	0.000162205497334	BC10_run2
67	0.000839021424953	BC10_run2
68	0.00140941232656	BC10_run2
69	0.00122506799468	BC10_run2
70	0.000123515362498	BC10_run2
71	0.000772427536987	BC10_run2
72	0.00230187456805	BC10_run2
73	0.000180504274792	BC10_run2
74	0.0	BC10_run2
75	0.0	BC10_run2
