GC_Content	Count	sample
0	1.0	BC5_run3
1	1.0	BC5_run3
2	0.5	BC5_run3
3	0.0	BC5_run3
4	0.0	BC5_run3
5	5.5	BC5_run3
6	11.0	BC5_run3
7	15.0	BC5_run3
8	18.5	BC5_run3
9	11.0	BC5_run3
10	9.5	BC5_run3
11	44.0	BC5_run3
12	91.5	BC5_run3
13	174.5	BC5_run3
14	289.0	BC5_run3
15	453.0	BC5_run3
16	535.0	BC5_run3
17	720.0	BC5_run3
18	1460.5	BC5_run3
19	3249.0	BC5_run3
20	4663.5	BC5_run3
21	5686.5	BC5_run3
22	8624.5	BC5_run3
23	12471.5	BC5_run3
24	14752.0	BC5_run3
25	17344.5	BC5_run3
26	23118.5	BC5_run3
27	28448.0	BC5_run3
28	30705.5	BC5_run3
29	36264.5	BC5_run3
30	44001.5	BC5_run3
31	50455.5	BC5_run3
32	54258.5	BC5_run3
33	61442.0	BC5_run3
34	72554.5	BC5_run3
35	82618.0	BC5_run3
36	88762.0	BC5_run3
37	91892.0	BC5_run3
38	97184.5	BC5_run3
39	101296.0	BC5_run3
40	102866.5	BC5_run3
41	108344.5	BC5_run3
42	116569.0	BC5_run3
43	122221.5	BC5_run3
44	126577.0	BC5_run3
45	130132.5	BC5_run3
46	135031.0	BC5_run3
47	138812.0	BC5_run3
48	141251.5	BC5_run3
49	142014.0	BC5_run3
50	146246.0	BC5_run3
51	163480.5	BC5_run3
52	178397.0	BC5_run3
53	170660.0	BC5_run3
54	176593.0	BC5_run3
55	179046.5	BC5_run3
56	168971.5	BC5_run3
57	168415.0	BC5_run3
58	167269.5	BC5_run3
59	174767.5	BC5_run3
60	168644.5	BC5_run3
61	142093.0	BC5_run3
62	112458.5	BC5_run3
63	83955.0	BC5_run3
64	68271.5	BC5_run3
65	59100.5	BC5_run3
66	45322.5	BC5_run3
67	44282.5	BC5_run3
68	48651.5	BC5_run3
69	38258.5	BC5_run3
70	23187.0	BC5_run3
71	14900.5	BC5_run3
72	11278.0	BC5_run3
73	10457.0	BC5_run3
74	8367.0	BC5_run3
75	5958.0	BC5_run3
76	4780.5	BC5_run3
77	3743.5	BC5_run3
78	3153.5	BC5_run3
79	2638.5	BC5_run3
80	1870.5	BC5_run3
81	1435.5	BC5_run3
82	650.0	BC5_run3
83	329.0	BC5_run3
84	355.0	BC5_run3
85	233.0	BC5_run3
86	90.0	BC5_run3
87	30.5	BC5_run3
88	16.0	BC5_run3
89	14.0	BC5_run3
90	8.0	BC5_run3
91	3.5	BC5_run3
92	1.0	BC5_run3
93	0.0	BC5_run3
94	1.0	BC5_run3
95	2.5	BC5_run3
96	3.0	BC5_run3
97	2.5	BC5_run3
98	1.5	BC5_run3
99	1.5	BC5_run3
100	2.0	BC5_run3
0	7.0	BC12_run3
1	9.0	BC12_run3
2	10.0	BC12_run3
3	10.0	BC12_run3
4	14.0	BC12_run3
5	24.5	BC12_run3
6	54.5	BC12_run3
7	89.0	BC12_run3
8	98.5	BC12_run3
9	120.5	BC12_run3
10	201.0	BC12_run3
11	362.0	BC12_run3
12	494.5	BC12_run3
13	700.5	BC12_run3
14	1168.5	BC12_run3
15	1947.0	BC12_run3
16	2628.0	BC12_run3
17	3731.5	BC12_run3
18	5878.0	BC12_run3
19	9167.5	BC12_run3
20	11721.0	BC12_run3
21	14954.0	BC12_run3
22	21751.0	BC12_run3
23	30884.0	BC12_run3
24	36793.0	BC12_run3
25	44026.5	BC12_run3
26	57759.0	BC12_run3
27	73290.0	BC12_run3
28	82714.5	BC12_run3
29	93059.0	BC12_run3
30	112072.0	BC12_run3
31	133306.5	BC12_run3
32	145185.5	BC12_run3
33	159214.5	BC12_run3
34	183618.5	BC12_run3
35	206461.5	BC12_run3
36	218670.0	BC12_run3
37	230249.5	BC12_run3
38	253388.5	BC12_run3
39	275414.0	BC12_run3
40	287063.0	BC12_run3
41	311328.0	BC12_run3
42	369616.5	BC12_run3
43	404731.0	BC12_run3
44	400157.5	BC12_run3
45	407357.0	BC12_run3
46	430095.0	BC12_run3
47	448329.0	BC12_run3
48	455341.5	BC12_run3
49	470321.0	BC12_run3
50	499737.0	BC12_run3
51	546946.0	BC12_run3
52	579307.5	BC12_run3
53	550314.0	BC12_run3
54	523638.5	BC12_run3
55	503568.0	BC12_run3
56	482826.0	BC12_run3
57	459062.0	BC12_run3
58	416010.0	BC12_run3
59	397849.5	BC12_run3
60	389530.0	BC12_run3
61	362312.5	BC12_run3
62	350087.0	BC12_run3
63	342586.0	BC12_run3
64	325612.0	BC12_run3
65	258066.0	BC12_run3
66	155080.5	BC12_run3
67	116890.0	BC12_run3
68	116341.0	BC12_run3
69	94867.5	BC12_run3
70	64213.5	BC12_run3
71	57334.5	BC12_run3
72	59560.0	BC12_run3
73	62540.0	BC12_run3
74	68887.5	BC12_run3
75	58100.5	BC12_run3
76	41957.5	BC12_run3
77	37829.0	BC12_run3
78	32656.0	BC12_run3
79	21848.5	BC12_run3
80	13704.0	BC12_run3
81	9808.5	BC12_run3
82	4526.0	BC12_run3
83	2144.5	BC12_run3
84	1868.0	BC12_run3
85	2297.5	BC12_run3
86	1603.5	BC12_run3
87	395.0	BC12_run3
88	391.5	BC12_run3
89	216.5	BC12_run3
90	51.5	BC12_run3
91	45.0	BC12_run3
92	43.5	BC12_run3
93	34.5	BC12_run3
94	20.5	BC12_run3
95	12.5	BC12_run3
96	9.0	BC12_run3
97	6.0	BC12_run3
98	4.5	BC12_run3
99	6.0	BC12_run3
100	8.0	BC12_run3
0	0.0	BC5_run1
1	0.0	BC5_run1
2	1.0	BC5_run1
3	2.0	BC5_run1
4	2.0	BC5_run1
5	14.5	BC5_run1
6	27.5	BC5_run1
7	36.5	BC5_run1
8	44.0	BC5_run1
9	28.5	BC5_run1
10	25.0	BC5_run1
11	81.0	BC5_run1
12	153.5	BC5_run1
13	258.5	BC5_run1
14	436.5	BC5_run1
15	698.5	BC5_run1
16	814.5	BC5_run1
17	1167.5	BC5_run1
18	2239.5	BC5_run1
19	4772.5	BC5_run1
20	6898.5	BC5_run1
21	8606.0	BC5_run1
22	12925.5	BC5_run1
23	18466.5	BC5_run1
24	21772.5	BC5_run1
25	25575.5	BC5_run1
26	34156.5	BC5_run1
27	42290.0	BC5_run1
28	45716.0	BC5_run1
29	53081.5	BC5_run1
30	64008.5	BC5_run1
31	73081.5	BC5_run1
32	78198.5	BC5_run1
33	89069.0	BC5_run1
34	104983.5	BC5_run1
35	118945.0	BC5_run1
36	127796.5	BC5_run1
37	131985.0	BC5_run1
38	139707.0	BC5_run1
39	146019.0	BC5_run1
40	148264.0	BC5_run1
41	155695.5	BC5_run1
42	166834.5	BC5_run1
43	174568.0	BC5_run1
44	180656.0	BC5_run1
45	185851.0	BC5_run1
46	192158.0	BC5_run1
47	196293.0	BC5_run1
48	199715.0	BC5_run1
49	202574.0	BC5_run1
50	210444.0	BC5_run1
51	236582.5	BC5_run1
52	259038.0	BC5_run1
53	246067.5	BC5_run1
54	251718.0	BC5_run1
55	256074.0	BC5_run1
56	243833.5	BC5_run1
57	243671.5	BC5_run1
58	242053.5	BC5_run1
59	251129.5	BC5_run1
60	240195.5	BC5_run1
61	202047.0	BC5_run1
62	160713.0	BC5_run1
63	120101.0	BC5_run1
64	97305.5	BC5_run1
65	84359.0	BC5_run1
66	65153.5	BC5_run1
67	62679.5	BC5_run1
68	67561.0	BC5_run1
69	53737.5	BC5_run1
70	33309.0	BC5_run1
71	21585.0	BC5_run1
72	16374.0	BC5_run1
73	15092.5	BC5_run1
74	12145.0	BC5_run1
75	8731.5	BC5_run1
76	6981.0	BC5_run1
77	5492.0	BC5_run1
78	4599.0	BC5_run1
79	3817.5	BC5_run1
80	2700.0	BC5_run1
81	2081.0	BC5_run1
82	966.0	BC5_run1
83	476.0	BC5_run1
84	502.0	BC5_run1
85	335.0	BC5_run1
86	133.0	BC5_run1
87	49.5	BC5_run1
88	16.0	BC5_run1
89	11.5	BC5_run1
90	10.0	BC5_run1
91	4.5	BC5_run1
92	1.0	BC5_run1
93	1.5	BC5_run1
94	1.0	BC5_run1
95	0.5	BC5_run1
96	1.0	BC5_run1
97	1.5	BC5_run1
98	2.5	BC5_run1
99	3.5	BC5_run1
100	4.0	BC5_run1
0	0.0	BC6_run3
1	0.0	BC6_run3
2	0.5	BC6_run3
3	1.0	BC6_run3
4	1.0	BC6_run3
5	1.5	BC6_run3
6	2.0	BC6_run3
7	2.0	BC6_run3
8	2.0	BC6_run3
9	4.5	BC6_run3
10	9.0	BC6_run3
11	12.0	BC6_run3
12	15.0	BC6_run3
13	20.5	BC6_run3
14	24.0	BC6_run3
15	154.5	BC6_run3
16	329.0	BC6_run3
17	253.0	BC6_run3
18	110.0	BC6_run3
19	140.5	BC6_run3
20	308.5	BC6_run3
21	658.5	BC6_run3
22	1401.0	BC6_run3
23	2035.5	BC6_run3
24	2157.5	BC6_run3
25	2962.5	BC6_run3
26	3716.0	BC6_run3
27	3375.0	BC6_run3
28	3277.0	BC6_run3
29	4572.5	BC6_run3
30	6389.5	BC6_run3
31	8999.0	BC6_run3
32	11071.5	BC6_run3
33	13084.0	BC6_run3
34	13904.0	BC6_run3
35	14134.5	BC6_run3
36	15412.5	BC6_run3
37	15853.0	BC6_run3
38	16438.5	BC6_run3
39	19508.0	BC6_run3
40	21564.5	BC6_run3
41	20599.0	BC6_run3
42	18925.0	BC6_run3
43	17401.5	BC6_run3
44	17418.0	BC6_run3
45	19508.5	BC6_run3
46	22250.0	BC6_run3
47	24226.0	BC6_run3
48	26255.0	BC6_run3
49	27005.0	BC6_run3
50	27564.0	BC6_run3
51	48032.0	BC6_run3
52	68330.5	BC6_run3
53	50344.0	BC6_run3
54	28125.0	BC6_run3
55	23209.0	BC6_run3
56	21607.0	BC6_run3
57	19531.0	BC6_run3
58	15553.5	BC6_run3
59	14482.5	BC6_run3
60	14352.0	BC6_run3
61	10561.0	BC6_run3
62	8082.5	BC6_run3
63	6125.5	BC6_run3
64	4236.0	BC6_run3
65	3016.5	BC6_run3
66	1585.5	BC6_run3
67	1362.0	BC6_run3
68	1466.5	BC6_run3
69	1284.5	BC6_run3
70	980.0	BC6_run3
71	669.0	BC6_run3
72	508.0	BC6_run3
73	404.0	BC6_run3
74	346.0	BC6_run3
75	244.5	BC6_run3
76	107.5	BC6_run3
77	115.5	BC6_run3
78	98.0	BC6_run3
79	43.0	BC6_run3
80	21.5	BC6_run3
81	26.0	BC6_run3
82	27.0	BC6_run3
83	11.0	BC6_run3
84	2.5	BC6_run3
85	4.5	BC6_run3
86	3.5	BC6_run3
87	0.0	BC6_run3
88	0.5	BC6_run3
89	1.0	BC6_run3
90	0.5	BC6_run3
91	0.0	BC6_run3
92	0.0	BC6_run3
93	0.0	BC6_run3
94	0.0	BC6_run3
95	0.0	BC6_run3
96	0.0	BC6_run3
97	0.0	BC6_run3
98	0.0	BC6_run3
99	0.5	BC6_run3
100	1.0	BC6_run3
0	8.0	BC16_run3
1	6.5	BC16_run3
2	5.0	BC16_run3
3	5.5	BC16_run3
4	7.5	BC16_run3
5	14.0	BC16_run3
6	20.5	BC16_run3
7	18.0	BC16_run3
8	18.0	BC16_run3
9	33.0	BC16_run3
10	79.0	BC16_run3
11	127.5	BC16_run3
12	144.0	BC16_run3
13	200.0	BC16_run3
14	403.5	BC16_run3
15	721.0	BC16_run3
16	947.0	BC16_run3
17	1496.0	BC16_run3
18	2828.0	BC16_run3
19	5818.0	BC16_run3
20	8450.0	BC16_run3
21	12038.0	BC16_run3
22	19786.0	BC16_run3
23	31763.0	BC16_run3
24	40216.0	BC16_run3
25	50480.0	BC16_run3
26	72040.5	BC16_run3
27	99205.5	BC16_run3
28	116358.5	BC16_run3
29	136346.5	BC16_run3
30	172734.0	BC16_run3
31	213053.5	BC16_run3
32	235995.5	BC16_run3
33	266109.0	BC16_run3
34	316674.5	BC16_run3
35	357227.0	BC16_run3
36	378779.0	BC16_run3
37	399079.5	BC16_run3
38	428324.5	BC16_run3
39	457764.0	BC16_run3
40	483959.0	BC16_run3
41	524169.5	BC16_run3
42	597472.5	BC16_run3
43	628440.0	BC16_run3
44	612665.0	BC16_run3
45	603322.5	BC16_run3
46	603207.0	BC16_run3
47	600246.0	BC16_run3
48	589752.0	BC16_run3
49	581515.5	BC16_run3
50	561767.5	BC16_run3
51	533941.0	BC16_run3
52	511868.5	BC16_run3
53	454255.0	BC16_run3
54	379066.5	BC16_run3
55	319995.0	BC16_run3
56	281247.5	BC16_run3
57	260641.0	BC16_run3
58	235237.0	BC16_run3
59	214577.0	BC16_run3
60	195397.5	BC16_run3
61	170291.0	BC16_run3
62	147405.0	BC16_run3
63	114389.5	BC16_run3
64	84278.0	BC16_run3
65	59902.5	BC16_run3
66	31931.5	BC16_run3
67	21075.0	BC16_run3
68	16973.0	BC16_run3
69	13721.5	BC16_run3
70	9817.0	BC16_run3
71	6901.0	BC16_run3
72	5715.5	BC16_run3
73	4785.0	BC16_run3
74	3894.5	BC16_run3
75	3091.5	BC16_run3
76	2407.5	BC16_run3
77	1666.5	BC16_run3
78	862.0	BC16_run3
79	562.5	BC16_run3
80	487.0	BC16_run3
81	372.0	BC16_run3
82	213.5	BC16_run3
83	130.5	BC16_run3
84	98.5	BC16_run3
85	92.5	BC16_run3
86	81.0	BC16_run3
87	49.5	BC16_run3
88	35.0	BC16_run3
89	28.5	BC16_run3
90	24.5	BC16_run3
91	18.5	BC16_run3
92	14.0	BC16_run3
93	13.0	BC16_run3
94	9.0	BC16_run3
95	6.5	BC16_run3
96	6.0	BC16_run3
97	5.0	BC16_run3
98	2.5	BC16_run3
99	3.0	BC16_run3
100	6.0	BC16_run3
0	0.0	BC8_run2
1	0.0	BC8_run2
2	1.0	BC8_run2
3	2.0	BC8_run2
4	2.0	BC8_run2
5	3.5	BC8_run2
6	7.0	BC8_run2
7	16.0	BC8_run2
8	26.0	BC8_run2
9	30.5	BC8_run2
10	38.5	BC8_run2
11	63.5	BC8_run2
12	90.0	BC8_run2
13	127.5	BC8_run2
14	219.5	BC8_run2
15	396.5	BC8_run2
16	571.0	BC8_run2
17	896.0	BC8_run2
18	1611.0	BC8_run2
19	2970.0	BC8_run2
20	4102.0	BC8_run2
21	5221.0	BC8_run2
22	7783.0	BC8_run2
23	11586.0	BC8_run2
24	14047.5	BC8_run2
25	17215.0	BC8_run2
26	23177.5	BC8_run2
27	29771.0	BC8_run2
28	33807.0	BC8_run2
29	38553.0	BC8_run2
30	47326.0	BC8_run2
31	57212.0	BC8_run2
32	62638.5	BC8_run2
33	69297.0	BC8_run2
34	82508.0	BC8_run2
35	95337.0	BC8_run2
36	101460.5	BC8_run2
37	108811.5	BC8_run2
38	122282.5	BC8_run2
39	134527.5	BC8_run2
40	141093.0	BC8_run2
41	151277.0	BC8_run2
42	174953.0	BC8_run2
43	190508.0	BC8_run2
44	191204.5	BC8_run2
45	196076.0	BC8_run2
46	207340.0	BC8_run2
47	216050.5	BC8_run2
48	219729.0	BC8_run2
49	230313.5	BC8_run2
50	253784.5	BC8_run2
51	277717.5	BC8_run2
52	286310.5	BC8_run2
53	263690.5	BC8_run2
54	239487.5	BC8_run2
55	225747.5	BC8_run2
56	216401.0	BC8_run2
57	207159.5	BC8_run2
58	184379.0	BC8_run2
59	172180.0	BC8_run2
60	171567.0	BC8_run2
61	155247.5	BC8_run2
62	129803.5	BC8_run2
63	116442.5	BC8_run2
64	113065.5	BC8_run2
65	93961.0	BC8_run2
66	61125.0	BC8_run2
67	46756.5	BC8_run2
68	46297.0	BC8_run2
69	35785.0	BC8_run2
70	21419.0	BC8_run2
71	16333.5	BC8_run2
72	15106.5	BC8_run2
73	14094.5	BC8_run2
74	13573.5	BC8_run2
75	11831.5	BC8_run2
76	8993.0	BC8_run2
77	7926.5	BC8_run2
78	6912.5	BC8_run2
79	4566.0	BC8_run2
80	2735.5	BC8_run2
81	1820.5	BC8_run2
82	710.5	BC8_run2
83	252.0	BC8_run2
84	165.0	BC8_run2
85	121.5	BC8_run2
86	56.5	BC8_run2
87	30.5	BC8_run2
88	34.0	BC8_run2
89	35.0	BC8_run2
90	25.5	BC8_run2
91	15.5	BC8_run2
92	11.0	BC8_run2
93	9.5	BC8_run2
94	9.0	BC8_run2
95	8.0	BC8_run2
96	6.5	BC8_run2
97	5.5	BC8_run2
98	2.5	BC8_run2
99	0.5	BC8_run2
100	1.0	BC8_run2
0	0.0	BC6_run1
1	0.0	BC6_run1
2	4.5	BC6_run1
3	9.0	BC6_run1
4	9.0	BC6_run1
5	9.5	BC6_run1
6	21.0	BC6_run1
7	35.0	BC6_run1
8	41.5	BC6_run1
9	51.0	BC6_run1
10	67.5	BC6_run1
11	90.0	BC6_run1
12	104.5	BC6_run1
13	105.0	BC6_run1
14	133.5	BC6_run1
15	1102.0	BC6_run1
16	2376.0	BC6_run1
17	1883.5	BC6_run1
18	858.0	BC6_run1
19	1051.5	BC6_run1
20	2216.0	BC6_run1
21	4812.0	BC6_run1
22	10237.5	BC6_run1
23	14121.5	BC6_run1
24	14356.5	BC6_run1
25	20883.5	BC6_run1
26	26989.5	BC6_run1
27	24266.5	BC6_run1
28	23148.5	BC6_run1
29	31619.5	BC6_run1
30	44155.0	BC6_run1
31	61756.0	BC6_run1
32	75381.5	BC6_run1
33	89223.5	BC6_run1
34	93711.5	BC6_run1
35	94499.5	BC6_run1
36	103576.5	BC6_run1
37	106497.0	BC6_run1
38	111448.5	BC6_run1
39	131955.5	BC6_run1
40	144844.0	BC6_run1
41	137430.0	BC6_run1
42	124988.5	BC6_run1
43	115406.0	BC6_run1
44	116236.5	BC6_run1
45	129474.5	BC6_run1
46	147627.5	BC6_run1
47	158546.0	BC6_run1
48	168850.0	BC6_run1
49	174726.0	BC6_run1
50	180502.0	BC6_run1
51	332001.5	BC6_run1
52	481631.0	BC6_run1
53	345360.5	BC6_run1
54	182018.0	BC6_run1
55	150674.0	BC6_run1
56	140734.5	BC6_run1
57	127848.5	BC6_run1
58	101631.5	BC6_run1
59	93286.0	BC6_run1
60	91912.5	BC6_run1
61	66445.0	BC6_run1
62	49799.0	BC6_run1
63	37508.0	BC6_run1
64	24846.0	BC6_run1
65	17499.0	BC6_run1
66	9457.5	BC6_run1
67	8505.5	BC6_run1
68	9091.0	BC6_run1
69	7911.0	BC6_run1
70	6060.0	BC6_run1
71	4112.5	BC6_run1
72	3064.5	BC6_run1
73	2302.0	BC6_run1
74	2082.0	BC6_run1
75	1492.5	BC6_run1
76	495.5	BC6_run1
77	520.5	BC6_run1
78	372.5	BC6_run1
79	94.0	BC6_run1
80	72.5	BC6_run1
81	122.5	BC6_run1
82	166.5	BC6_run1
83	94.0	BC6_run1
84	28.5	BC6_run1
85	32.0	BC6_run1
86	23.5	BC6_run1
87	13.5	BC6_run1
88	9.0	BC6_run1
89	9.0	BC6_run1
90	13.0	BC6_run1
91	15.0	BC6_run1
92	12.0	BC6_run1
93	7.5	BC6_run1
94	3.0	BC6_run1
95	2.0	BC6_run1
96	2.5	BC6_run1
97	5.0	BC6_run1
98	6.0	BC6_run1
99	10.0	BC6_run1
100	15.0	BC6_run1
0	2.0	BC7_run2
1	2.5	BC7_run2
2	5.5	BC7_run2
3	9.5	BC7_run2
4	13.5	BC7_run2
5	29.0	BC7_run2
6	41.0	BC7_run2
7	39.5	BC7_run2
8	74.5	BC7_run2
9	104.0	BC7_run2
10	125.0	BC7_run2
11	255.5	BC7_run2
12	352.0	BC7_run2
13	342.5	BC7_run2
14	465.5	BC7_run2
15	810.0	BC7_run2
16	1079.0	BC7_run2
17	1717.0	BC7_run2
18	3234.0	BC7_run2
19	6061.5	BC7_run2
20	8164.5	BC7_run2
21	10617.0	BC7_run2
22	15718.5	BC7_run2
23	23904.0	BC7_run2
24	29773.5	BC7_run2
25	37135.0	BC7_run2
26	50788.5	BC7_run2
27	63992.0	BC7_run2
28	71575.0	BC7_run2
29	82148.5	BC7_run2
30	98713.0	BC7_run2
31	118097.0	BC7_run2
32	130426.0	BC7_run2
33	142976.5	BC7_run2
34	166064.5	BC7_run2
35	187330.5	BC7_run2
36	197701.5	BC7_run2
37	200263.0	BC7_run2
38	214182.0	BC7_run2
39	237090.0	BC7_run2
40	249371.0	BC7_run2
41	257930.0	BC7_run2
42	273532.5	BC7_run2
43	293646.5	BC7_run2
44	307983.5	BC7_run2
45	316419.0	BC7_run2
46	321767.0	BC7_run2
47	318347.5	BC7_run2
48	318212.5	BC7_run2
49	323225.5	BC7_run2
50	335320.5	BC7_run2
51	367984.0	BC7_run2
52	391094.0	BC7_run2
53	359517.5	BC7_run2
54	354733.0	BC7_run2
55	332117.5	BC7_run2
56	286499.0	BC7_run2
57	278935.5	BC7_run2
58	300131.5	BC7_run2
59	355927.0	BC7_run2
60	360723.5	BC7_run2
61	308683.5	BC7_run2
62	245973.5	BC7_run2
63	176956.5	BC7_run2
64	136579.5	BC7_run2
65	113870.5	BC7_run2
66	80580.5	BC7_run2
67	80135.0	BC7_run2
68	90795.0	BC7_run2
69	65975.0	BC7_run2
70	32599.5	BC7_run2
71	18073.0	BC7_run2
72	12474.0	BC7_run2
73	10878.0	BC7_run2
74	8303.0	BC7_run2
75	6417.0	BC7_run2
76	5414.0	BC7_run2
77	4711.5	BC7_run2
78	3493.5	BC7_run2
79	2476.5	BC7_run2
80	2012.0	BC7_run2
81	1468.5	BC7_run2
82	673.0	BC7_run2
83	198.5	BC7_run2
84	98.5	BC7_run2
85	62.5	BC7_run2
86	32.0	BC7_run2
87	18.5	BC7_run2
88	6.5	BC7_run2
89	3.0	BC7_run2
90	2.0	BC7_run2
91	4.0	BC7_run2
92	7.0	BC7_run2
93	6.0	BC7_run2
94	4.0	BC7_run2
95	3.5	BC7_run2
96	3.0	BC7_run2
97	2.5	BC7_run2
98	3.5	BC7_run2
99	4.0	BC7_run2
100	4.0	BC7_run2
0	1.0	BC8_run3
1	0.5	BC8_run3
2	3.5	BC8_run3
3	7.0	BC8_run3
4	8.0	BC8_run3
5	13.5	BC8_run3
6	24.5	BC8_run3
7	36.5	BC8_run3
8	43.0	BC8_run3
9	55.0	BC8_run3
10	71.5	BC8_run3
11	114.5	BC8_run3
12	170.5	BC8_run3
13	254.5	BC8_run3
14	446.5	BC8_run3
15	770.5	BC8_run3
16	1092.5	BC8_run3
17	1899.0	BC8_run3
18	3447.0	BC8_run3
19	6134.0	BC8_run3
20	8434.0	BC8_run3
21	11165.5	BC8_run3
22	16862.0	BC8_run3
23	24831.5	BC8_run3
24	30099.0	BC8_run3
25	37386.0	BC8_run3
26	49857.5	BC8_run3
27	63945.0	BC8_run3
28	73405.5	BC8_run3
29	83870.5	BC8_run3
30	103055.5	BC8_run3
31	124804.5	BC8_run3
32	136978.0	BC8_run3
33	151849.5	BC8_run3
34	180579.0	BC8_run3
35	208767.0	BC8_run3
36	222491.5	BC8_run3
37	238142.5	BC8_run3
38	268397.5	BC8_run3
39	295149.0	BC8_run3
40	308724.5	BC8_run3
41	332802.0	BC8_run3
42	386467.5	BC8_run3
43	422801.0	BC8_run3
44	426179.0	BC8_run3
45	435788.5	BC8_run3
46	457730.5	BC8_run3
47	477982.0	BC8_run3
48	488912.5	BC8_run3
49	508960.0	BC8_run3
50	554136.5	BC8_run3
51	606008.0	BC8_run3
52	627887.0	BC8_run3
53	580880.5	BC8_run3
54	532906.5	BC8_run3
55	506261.0	BC8_run3
56	486409.5	BC8_run3
57	465498.5	BC8_run3
58	408041.5	BC8_run3
59	375409.5	BC8_run3
60	374854.0	BC8_run3
61	340257.5	BC8_run3
62	290926.0	BC8_run3
63	267634.5	BC8_run3
64	260703.5	BC8_run3
65	211248.0	BC8_run3
66	132073.0	BC8_run3
67	99484.0	BC8_run3
68	97276.0	BC8_run3
69	75212.5	BC8_run3
70	45496.0	BC8_run3
71	34846.5	BC8_run3
72	31914.5	BC8_run3
73	30041.0	BC8_run3
74	29246.5	BC8_run3
75	25485.0	BC8_run3
76	19184.0	BC8_run3
77	16539.5	BC8_run3
78	14148.0	BC8_run3
79	9460.0	BC8_run3
80	5882.5	BC8_run3
81	3963.5	BC8_run3
82	1523.5	BC8_run3
83	490.0	BC8_run3
84	294.5	BC8_run3
85	203.5	BC8_run3
86	104.0	BC8_run3
87	68.0	BC8_run3
88	66.5	BC8_run3
89	61.5	BC8_run3
90	44.5	BC8_run3
91	31.0	BC8_run3
92	25.0	BC8_run3
93	21.0	BC8_run3
94	19.0	BC8_run3
95	19.5	BC8_run3
96	20.0	BC8_run3
97	18.0	BC8_run3
98	10.0	BC8_run3
99	6.0	BC8_run3
100	9.0	BC8_run3
0	1.0	BC10_run1
1	0.5	BC10_run1
2	0.0	BC10_run1
3	0.0	BC10_run1
4	1.0	BC10_run1
5	3.0	BC10_run1
6	10.0	BC10_run1
7	20.0	BC10_run1
8	21.5	BC10_run1
9	26.0	BC10_run1
10	68.5	BC10_run1
11	127.5	BC10_run1
12	144.5	BC10_run1
13	181.5	BC10_run1
14	323.0	BC10_run1
15	651.5	BC10_run1
16	950.0	BC10_run1
17	1393.5	BC10_run1
18	2419.0	BC10_run1
19	4137.5	BC10_run1
20	5427.0	BC10_run1
21	6930.5	BC10_run1
22	10427.0	BC10_run1
23	15495.0	BC10_run1
24	18795.0	BC10_run1
25	23412.5	BC10_run1
26	31692.0	BC10_run1
27	40647.0	BC10_run1
28	46243.5	BC10_run1
29	53238.0	BC10_run1
30	66355.0	BC10_run1
31	82152.5	BC10_run1
32	91582.5	BC10_run1
33	102656.5	BC10_run1
34	123556.0	BC10_run1
35	144497.5	BC10_run1
36	155359.5	BC10_run1
37	164940.0	BC10_run1
38	181020.0	BC10_run1
39	192540.5	BC10_run1
40	197796.5	BC10_run1
41	209695.5	BC10_run1
42	238915.5	BC10_run1
43	253933.5	BC10_run1
44	249321.0	BC10_run1
45	253805.0	BC10_run1
46	266627.5	BC10_run1
47	276462.0	BC10_run1
48	280763.5	BC10_run1
49	296084.5	BC10_run1
50	329159.0	BC10_run1
51	376689.0	BC10_run1
52	404578.5	BC10_run1
53	372550.5	BC10_run1
54	353318.5	BC10_run1
55	343679.5	BC10_run1
56	324927.5	BC10_run1
57	309337.5	BC10_run1
58	280437.0	BC10_run1
59	288424.0	BC10_run1
60	295644.0	BC10_run1
61	271143.0	BC10_run1
62	268568.0	BC10_run1
63	266890.5	BC10_run1
64	253548.0	BC10_run1
65	207777.0	BC10_run1
66	131661.5	BC10_run1
67	104650.5	BC10_run1
68	108664.5	BC10_run1
69	86021.0	BC10_run1
70	54693.5	BC10_run1
71	48739.0	BC10_run1
72	51445.0	BC10_run1
73	53289.0	BC10_run1
74	59952.0	BC10_run1
75	55427.0	BC10_run1
76	44737.5	BC10_run1
77	46183.0	BC10_run1
78	44859.0	BC10_run1
79	27889.0	BC10_run1
80	14756.0	BC10_run1
81	10133.0	BC10_run1
82	3943.5	BC10_run1
83	1644.0	BC10_run1
84	1452.0	BC10_run1
85	2066.5	BC10_run1
86	1550.0	BC10_run1
87	305.5	BC10_run1
88	297.0	BC10_run1
89	176.5	BC10_run1
90	50.5	BC10_run1
91	32.5	BC10_run1
92	34.0	BC10_run1
93	32.0	BC10_run1
94	31.0	BC10_run1
95	27.0	BC10_run1
96	20.5	BC10_run1
97	18.0	BC10_run1
98	13.0	BC10_run1
99	6.5	BC10_run1
100	4.0	BC10_run1
0	3.0	BC15_run2
1	3.5	BC15_run2
2	7.5	BC15_run2
3	10.0	BC15_run2
4	8.0	BC15_run2
5	9.0	BC15_run2
6	11.0	BC15_run2
7	13.5	BC15_run2
8	20.0	BC15_run2
9	28.5	BC15_run2
10	40.5	BC15_run2
11	162.5	BC15_run2
12	293.5	BC15_run2
13	310.5	BC15_run2
14	671.5	BC15_run2
15	1161.0	BC15_run2
16	1301.5	BC15_run2
17	1506.5	BC15_run2
18	2979.0	BC15_run2
19	5298.0	BC15_run2
20	6578.0	BC15_run2
21	10119.0	BC15_run2
22	16351.5	BC15_run2
23	26550.5	BC15_run2
24	34574.0	BC15_run2
25	42758.0	BC15_run2
26	59626.0	BC15_run2
27	76841.5	BC15_run2
28	86239.5	BC15_run2
29	102986.5	BC15_run2
30	128951.5	BC15_run2
31	154381.0	BC15_run2
32	170256.0	BC15_run2
33	194386.5	BC15_run2
34	231786.0	BC15_run2
35	261473.0	BC15_run2
36	276377.0	BC15_run2
37	290331.5	BC15_run2
38	313464.5	BC15_run2
39	333382.5	BC15_run2
40	347898.0	BC15_run2
41	377750.5	BC15_run2
42	434293.5	BC15_run2
43	458113.0	BC15_run2
44	447729.5	BC15_run2
45	449155.5	BC15_run2
46	460583.0	BC15_run2
47	459347.0	BC15_run2
48	452807.5	BC15_run2
49	449732.5	BC15_run2
50	436768.0	BC15_run2
51	420868.5	BC15_run2
52	407222.0	BC15_run2
53	353666.5	BC15_run2
54	286312.5	BC15_run2
55	241687.5	BC15_run2
56	214401.0	BC15_run2
57	204751.5	BC15_run2
58	184646.0	BC15_run2
59	160367.0	BC15_run2
60	143709.0	BC15_run2
61	127643.0	BC15_run2
62	110792.5	BC15_run2
63	84289.5	BC15_run2
64	62329.0	BC15_run2
65	48143.5	BC15_run2
66	30402.0	BC15_run2
67	20981.0	BC15_run2
68	16519.5	BC15_run2
69	13450.0	BC15_run2
70	10075.5	BC15_run2
71	8442.5	BC15_run2
72	7837.0	BC15_run2
73	6156.0	BC15_run2
74	4829.0	BC15_run2
75	4354.0	BC15_run2
76	3826.0	BC15_run2
77	2903.0	BC15_run2
78	1651.5	BC15_run2
79	1471.0	BC15_run2
80	1579.0	BC15_run2
81	960.5	BC15_run2
82	255.0	BC15_run2
83	108.5	BC15_run2
84	102.0	BC15_run2
85	94.0	BC15_run2
86	70.5	BC15_run2
87	43.5	BC15_run2
88	21.0	BC15_run2
89	11.5	BC15_run2
90	11.0	BC15_run2
91	9.5	BC15_run2
92	9.5	BC15_run2
93	9.5	BC15_run2
94	8.5	BC15_run2
95	5.0	BC15_run2
96	2.5	BC15_run2
97	2.5	BC15_run2
98	2.5	BC15_run2
99	4.0	BC15_run2
100	6.0	BC15_run2
0	0.0	BC11_run1
1	0.5	BC11_run1
2	3.5	BC11_run1
3	6.0	BC11_run1
4	5.5	BC11_run1
5	5.5	BC11_run1
6	8.5	BC11_run1
7	11.5	BC11_run1
8	12.5	BC11_run1
9	23.0	BC11_run1
10	45.5	BC11_run1
11	76.5	BC11_run1
12	107.0	BC11_run1
13	160.5	BC11_run1
14	264.0	BC11_run1
15	445.5	BC11_run1
16	622.5	BC11_run1
17	920.0	BC11_run1
18	1569.0	BC11_run1
19	2780.5	BC11_run1
20	3822.0	BC11_run1
21	5118.0	BC11_run1
22	7751.5	BC11_run1
23	11335.0	BC11_run1
24	13701.0	BC11_run1
25	16788.5	BC11_run1
26	23501.5	BC11_run1
27	30983.5	BC11_run1
28	34893.5	BC11_run1
29	38464.5	BC11_run1
30	46131.5	BC11_run1
31	58513.5	BC11_run1
32	66649.5	BC11_run1
33	70816.5	BC11_run1
34	80075.5	BC11_run1
35	94356.0	BC11_run1
36	103240.0	BC11_run1
37	106887.0	BC11_run1
38	116755.0	BC11_run1
39	128778.5	BC11_run1
40	135345.0	BC11_run1
41	146107.0	BC11_run1
42	175035.5	BC11_run1
43	192125.5	BC11_run1
44	188537.5	BC11_run1
45	195581.0	BC11_run1
46	210231.5	BC11_run1
47	220248.0	BC11_run1
48	224649.0	BC11_run1
49	234149.0	BC11_run1
50	250296.0	BC11_run1
51	269190.5	BC11_run1
52	281867.0	BC11_run1
53	268255.0	BC11_run1
54	253495.5	BC11_run1
55	241349.5	BC11_run1
56	229809.5	BC11_run1
57	223579.5	BC11_run1
58	201990.5	BC11_run1
59	186358.0	BC11_run1
60	183982.5	BC11_run1
61	171171.0	BC11_run1
62	154406.0	BC11_run1
63	143753.5	BC11_run1
64	138311.0	BC11_run1
65	111490.5	BC11_run1
66	68536.0	BC11_run1
67	52256.5	BC11_run1
68	52728.0	BC11_run1
69	41378.0	BC11_run1
70	26754.5	BC11_run1
71	22594.0	BC11_run1
72	21675.5	BC11_run1
73	22155.5	BC11_run1
74	23107.5	BC11_run1
75	19441.0	BC11_run1
76	14677.5	BC11_run1
77	13266.0	BC11_run1
78	11429.0	BC11_run1
79	7765.5	BC11_run1
80	5044.5	BC11_run1
81	3416.0	BC11_run1
82	1385.0	BC11_run1
83	597.0	BC11_run1
84	469.0	BC11_run1
85	395.5	BC11_run1
86	203.0	BC11_run1
87	58.0	BC11_run1
88	55.0	BC11_run1
89	50.5	BC11_run1
90	40.0	BC11_run1
91	30.5	BC11_run1
92	20.5	BC11_run1
93	17.0	BC11_run1
94	15.0	BC11_run1
95	11.0	BC11_run1
96	9.0	BC11_run1
97	7.0	BC11_run1
98	5.0	BC11_run1
99	4.5	BC11_run1
100	5.0	BC11_run1
0	0.0	BC6_run2
1	1.0	BC6_run2
2	5.5	BC6_run2
3	9.0	BC6_run2
4	8.5	BC6_run2
5	9.0	BC6_run2
6	15.0	BC6_run2
7	21.0	BC6_run2
8	24.5	BC6_run2
9	35.0	BC6_run2
10	50.0	BC6_run2
11	71.5	BC6_run2
12	88.5	BC6_run2
13	95.0	BC6_run2
14	105.0	BC6_run2
15	798.0	BC6_run2
16	1754.0	BC6_run2
17	1416.5	BC6_run2
18	680.0	BC6_run2
19	827.5	BC6_run2
20	1691.0	BC6_run2
21	3523.0	BC6_run2
22	7612.5	BC6_run2
23	10821.0	BC6_run2
24	11139.5	BC6_run2
25	15998.5	BC6_run2
26	20589.0	BC6_run2
27	18516.5	BC6_run2
28	17770.0	BC6_run2
29	24659.5	BC6_run2
30	34953.0	BC6_run2
31	48799.0	BC6_run2
32	59192.0	BC6_run2
33	70748.0	BC6_run2
34	74597.0	BC6_run2
35	75820.5	BC6_run2
36	84036.0	BC6_run2
37	86579.5	BC6_run2
38	90264.0	BC6_run2
39	106917.5	BC6_run2
40	117457.0	BC6_run2
41	111494.0	BC6_run2
42	101333.0	BC6_run2
43	93530.0	BC6_run2
44	94739.5	BC6_run2
45	106461.5	BC6_run2
46	121348.5	BC6_run2
47	130468.0	BC6_run2
48	140268.0	BC6_run2
49	146982.0	BC6_run2
50	153100.0	BC6_run2
51	288109.5	BC6_run2
52	421702.0	BC6_run2
53	300353.5	BC6_run2
54	155720.5	BC6_run2
55	128252.0	BC6_run2
56	119330.5	BC6_run2
57	108707.5	BC6_run2
58	86833.5	BC6_run2
59	79690.0	BC6_run2
60	78456.0	BC6_run2
61	57297.0	BC6_run2
62	43491.5	BC6_run2
63	32876.0	BC6_run2
64	22044.0	BC6_run2
65	15577.5	BC6_run2
66	8339.0	BC6_run2
67	7246.5	BC6_run2
68	7628.0	BC6_run2
69	6740.5	BC6_run2
70	5196.5	BC6_run2
71	3560.0	BC6_run2
72	2707.5	BC6_run2
73	2028.5	BC6_run2
74	1855.5	BC6_run2
75	1325.0	BC6_run2
76	404.0	BC6_run2
77	440.5	BC6_run2
78	345.0	BC6_run2
79	104.5	BC6_run2
80	74.5	BC6_run2
81	99.0	BC6_run2
82	115.5	BC6_run2
83	63.0	BC6_run2
84	19.0	BC6_run2
85	19.5	BC6_run2
86	15.5	BC6_run2
87	10.0	BC6_run2
88	8.0	BC6_run2
89	9.0	BC6_run2
90	6.5	BC6_run2
91	4.5	BC6_run2
92	4.5	BC6_run2
93	4.5	BC6_run2
94	2.0	BC6_run2
95	1.5	BC6_run2
96	3.0	BC6_run2
97	2.5	BC6_run2
98	2.0	BC6_run2
99	6.5	BC6_run2
100	11.0	BC6_run2
0	0.0	BC7_run3
1	0.5	BC7_run3
2	3.0	BC7_run3
3	5.0	BC7_run3
4	7.5	BC7_run3
5	27.0	BC7_run3
6	44.5	BC7_run3
7	50.5	BC7_run3
8	94.5	BC7_run3
9	117.5	BC7_run3
10	145.0	BC7_run3
11	343.5	BC7_run3
12	474.5	BC7_run3
13	439.0	BC7_run3
14	608.0	BC7_run3
15	1032.5	BC7_run3
16	1362.0	BC7_run3
17	2205.5	BC7_run3
18	4324.5	BC7_run3
19	8615.0	BC7_run3
20	11829.5	BC7_run3
21	15071.5	BC7_run3
22	22435.0	BC7_run3
23	34178.0	BC7_run3
24	42159.0	BC7_run3
25	52264.5	BC7_run3
26	72070.0	BC7_run3
27	91470.5	BC7_run3
28	102504.5	BC7_run3
29	117444.5	BC7_run3
30	141134.0	BC7_run3
31	167932.5	BC7_run3
32	184147.0	BC7_run3
33	203310.0	BC7_run3
34	236929.5	BC7_run3
35	266702.0	BC7_run3
36	281460.5	BC7_run3
37	286042.5	BC7_run3
38	306672.5	BC7_run3
39	337448.0	BC7_run3
40	353548.5	BC7_run3
41	367026.0	BC7_run3
42	390458.0	BC7_run3
43	420016.0	BC7_run3
44	442023.0	BC7_run3
45	454846.5	BC7_run3
46	459731.5	BC7_run3
47	456334.0	BC7_run3
48	460047.0	BC7_run3
49	464515.5	BC7_run3
50	478254.5	BC7_run3
51	521874.0	BC7_run3
52	553202.0	BC7_run3
53	509854.5	BC7_run3
54	506179.0	BC7_run3
55	475094.5	BC7_run3
56	409250.0	BC7_run3
57	396064.5	BC7_run3
58	425461.0	BC7_run3
59	507727.0	BC7_run3
60	516554.0	BC7_run3
61	440492.5	BC7_run3
62	349115.0	BC7_run3
63	251046.5	BC7_run3
64	193253.5	BC7_run3
65	160247.0	BC7_run3
66	112765.5	BC7_run3
67	111429.0	BC7_run3
68	125546.5	BC7_run3
69	91003.0	BC7_run3
70	44769.0	BC7_run3
71	25066.0	BC7_run3
72	17371.0	BC7_run3
73	15010.5	BC7_run3
74	11405.5	BC7_run3
75	8891.5	BC7_run3
76	7562.0	BC7_run3
77	6753.5	BC7_run3
78	5107.0	BC7_run3
79	3605.0	BC7_run3
80	3034.5	BC7_run3
81	2207.5	BC7_run3
82	951.5	BC7_run3
83	267.5	BC7_run3
84	141.0	BC7_run3
85	89.5	BC7_run3
86	32.0	BC7_run3
87	11.5	BC7_run3
88	9.5	BC7_run3
89	7.5	BC7_run3
90	8.5	BC7_run3
91	10.5	BC7_run3
92	10.5	BC7_run3
93	12.0	BC7_run3
94	9.5	BC7_run3
95	3.5	BC7_run3
96	2.0	BC7_run3
97	3.0	BC7_run3
98	3.5	BC7_run3
99	3.5	BC7_run3
100	4.0	BC7_run3
0	0.0	BC9_run3
1	0.0	BC9_run3
2	0.0	BC9_run3
3	0.0	BC9_run3
4	0.0	BC9_run3
5	0.0	BC9_run3
6	0.0	BC9_run3
7	0.0	BC9_run3
8	0.0	BC9_run3
9	1.0	BC9_run3
10	1.5	BC9_run3
11	2.0	BC9_run3
12	4.0	BC9_run3
13	7.0	BC9_run3
14	298.0	BC9_run3
15	1151.5	BC9_run3
16	1713.0	BC9_run3
17	936.5	BC9_run3
18	520.0	BC9_run3
19	1771.5	BC9_run3
20	2675.5	BC9_run3
21	4701.5	BC9_run3
22	8146.0	BC9_run3
23	13653.5	BC9_run3
24	21437.5	BC9_run3
25	28412.5	BC9_run3
26	27362.5	BC9_run3
27	23312.5	BC9_run3
28	25821.5	BC9_run3
29	34999.0	BC9_run3
30	40710.0	BC9_run3
31	41728.0	BC9_run3
32	45985.0	BC9_run3
33	55789.5	BC9_run3
34	56046.5	BC9_run3
35	62672.5	BC9_run3
36	75032.0	BC9_run3
37	73864.5	BC9_run3
38	78908.0	BC9_run3
39	77435.5	BC9_run3
40	73382.5	BC9_run3
41	73443.0	BC9_run3
42	74105.5	BC9_run3
43	79510.0	BC9_run3
44	81360.5	BC9_run3
45	73245.0	BC9_run3
46	75984.0	BC9_run3
47	83663.5	BC9_run3
48	87375.5	BC9_run3
49	85592.0	BC9_run3
50	97968.0	BC9_run3
51	718827.0	BC9_run3
52	1317999.5	BC9_run3
53	732778.5	BC9_run3
54	112245.5	BC9_run3
55	69164.5	BC9_run3
56	64794.0	BC9_run3
57	77313.5	BC9_run3
58	82764.5	BC9_run3
59	81671.0	BC9_run3
60	85885.5	BC9_run3
61	87914.5	BC9_run3
62	77383.0	BC9_run3
63	76995.0	BC9_run3
64	89110.5	BC9_run3
65	77658.5	BC9_run3
66	55998.5	BC9_run3
67	44289.5	BC9_run3
68	42694.5	BC9_run3
69	44044.0	BC9_run3
70	45066.0	BC9_run3
71	31270.0	BC9_run3
72	18143.5	BC9_run3
73	15715.0	BC9_run3
74	11051.0	BC9_run3
75	7427.0	BC9_run3
76	5774.0	BC9_run3
77	3957.5	BC9_run3
78	1511.5	BC9_run3
79	508.0	BC9_run3
80	314.0	BC9_run3
81	277.0	BC9_run3
82	181.5	BC9_run3
83	95.0	BC9_run3
84	84.5	BC9_run3
85	95.0	BC9_run3
86	114.5	BC9_run3
87	152.5	BC9_run3
88	148.5	BC9_run3
89	104.5	BC9_run3
90	91.5	BC9_run3
91	70.0	BC9_run3
92	53.5	BC9_run3
93	35.5	BC9_run3
94	16.0	BC9_run3
95	9.5	BC9_run3
96	4.0	BC9_run3
97	3.0	BC9_run3
98	3.5	BC9_run3
99	9.0	BC9_run3
100	13.0	BC9_run3
0	3.0	BC10_run3
1	2.5	BC10_run3
2	4.5	BC10_run3
3	7.5	BC10_run3
4	14.0	BC10_run3
5	18.5	BC10_run3
6	19.5	BC10_run3
7	29.0	BC10_run3
8	38.0	BC10_run3
9	62.5	BC10_run3
10	120.5	BC10_run3
11	206.5	BC10_run3
12	261.0	BC10_run3
13	367.0	BC10_run3
14	664.5	BC10_run3
15	1291.0	BC10_run3
16	1845.0	BC10_run3
17	2690.0	BC10_run3
18	4626.0	BC10_run3
19	7886.0	BC10_run3
20	10336.0	BC10_run3
21	13236.0	BC10_run3
22	20181.5	BC10_run3
23	30024.5	BC10_run3
24	36294.0	BC10_run3
25	45383.0	BC10_run3
26	61362.0	BC10_run3
27	78889.5	BC10_run3
28	90243.0	BC10_run3
29	103568.5	BC10_run3
30	128906.0	BC10_run3
31	160519.5	BC10_run3
32	179473.0	BC10_run3
33	201579.5	BC10_run3
34	241715.0	BC10_run3
35	280889.5	BC10_run3
36	301348.5	BC10_run3
37	320790.5	BC10_run3
38	354395.0	BC10_run3
39	378547.5	BC10_run3
40	389588.5	BC10_run3
41	414185.0	BC10_run3
42	470797.0	BC10_run3
43	502188.5	BC10_run3
44	498298.0	BC10_run3
45	508515.5	BC10_run3
46	532882.0	BC10_run3
47	552901.5	BC10_run3
48	562619.0	BC10_run3
49	591939.5	BC10_run3
50	652365.0	BC10_run3
51	740288.5	BC10_run3
52	793649.0	BC10_run3
53	736129.5	BC10_run3
54	704575.5	BC10_run3
55	681697.0	BC10_run3
56	639367.0	BC10_run3
57	609211.5	BC10_run3
58	551127.5	BC10_run3
59	560471.0	BC10_run3
60	571946.5	BC10_run3
61	527505.5	BC10_run3
62	526185.0	BC10_run3
63	520685.0	BC10_run3
64	490747.5	BC10_run3
65	402385.0	BC10_run3
66	256968.0	BC10_run3
67	203178.0	BC10_run3
68	208012.5	BC10_run3
69	164762.5	BC10_run3
70	104549.5	BC10_run3
71	92348.5	BC10_run3
72	97128.5	BC10_run3
73	101170.5	BC10_run3
74	115108.5	BC10_run3
75	107046.5	BC10_run3
76	86172.5	BC10_run3
77	87591.5	BC10_run3
78	83654.5	BC10_run3
79	52273.0	BC10_run3
80	28586.5	BC10_run3
81	19784.5	BC10_run3
82	7878.5	BC10_run3
83	3595.0	BC10_run3
84	3363.5	BC10_run3
85	4612.0	BC10_run3
86	3324.5	BC10_run3
87	535.0	BC10_run3
88	465.5	BC10_run3
89	265.5	BC10_run3
90	77.0	BC10_run3
91	55.5	BC10_run3
92	46.5	BC10_run3
93	42.0	BC10_run3
94	36.5	BC10_run3
95	33.5	BC10_run3
96	31.5	BC10_run3
97	23.5	BC10_run3
98	11.0	BC10_run3
99	7.5	BC10_run3
100	10.0	BC10_run3
0	0.0	BC9_run1
1	0.0	BC9_run1
2	0.0	BC9_run1
3	0.0	BC9_run1
4	0.0	BC9_run1
5	0.0	BC9_run1
6	0.0	BC9_run1
7	0.0	BC9_run1
8	0.5	BC9_run1
9	2.0	BC9_run1
10	3.5	BC9_run1
11	4.5	BC9_run1
12	7.5	BC9_run1
13	13.5	BC9_run1
14	189.5	BC9_run1
15	678.0	BC9_run1
16	996.5	BC9_run1
17	579.5	BC9_run1
18	384.0	BC9_run1
19	1182.0	BC9_run1
20	1762.0	BC9_run1
21	3031.0	BC9_run1
22	5219.0	BC9_run1
23	8495.5	BC9_run1
24	13134.0	BC9_run1
25	17415.0	BC9_run1
26	16894.5	BC9_run1
27	14603.0	BC9_run1
28	16203.0	BC9_run1
29	21756.5	BC9_run1
30	25044.5	BC9_run1
31	25910.5	BC9_run1
32	28949.0	BC9_run1
33	34626.5	BC9_run1
34	34658.0	BC9_run1
35	38874.5	BC9_run1
36	46302.0	BC9_run1
37	45376.0	BC9_run1
38	48543.5	BC9_run1
39	47175.0	BC9_run1
40	44101.0	BC9_run1
41	44002.5	BC9_run1
42	44203.0	BC9_run1
43	47137.0	BC9_run1
44	47922.5	BC9_run1
45	43602.0	BC9_run1
46	45815.5	BC9_run1
47	51328.5	BC9_run1
48	54208.0	BC9_run1
49	54889.0	BC9_run1
50	64098.0	BC9_run1
51	509801.0	BC9_run1
52	941338.5	BC9_run1
53	511934.0	BC9_run1
54	63734.5	BC9_run1
55	39737.0	BC9_run1
56	37849.0	BC9_run1
57	46464.0	BC9_run1
58	50559.5	BC9_run1
59	49533.0	BC9_run1
60	51997.0	BC9_run1
61	53348.0	BC9_run1
62	46671.5	BC9_run1
63	46207.5	BC9_run1
64	53866.0	BC9_run1
65	46807.0	BC9_run1
66	33728.0	BC9_run1
67	27091.5	BC9_run1
68	26316.5	BC9_run1
69	26942.0	BC9_run1
70	27378.0	BC9_run1
71	19208.5	BC9_run1
72	11424.0	BC9_run1
73	9879.0	BC9_run1
74	6725.5	BC9_run1
75	4408.0	BC9_run1
76	3535.5	BC9_run1
77	2414.0	BC9_run1
78	917.0	BC9_run1
79	336.5	BC9_run1
80	216.5	BC9_run1
81	209.0	BC9_run1
82	177.0	BC9_run1
83	145.0	BC9_run1
84	179.0	BC9_run1
85	219.0	BC9_run1
86	240.0	BC9_run1
87	272.5	BC9_run1
88	260.5	BC9_run1
89	185.0	BC9_run1
90	134.5	BC9_run1
91	86.5	BC9_run1
92	45.5	BC9_run1
93	28.0	BC9_run1
94	12.0	BC9_run1
95	8.5	BC9_run1
96	3.0	BC9_run1
97	3.0	BC9_run1
98	6.0	BC9_run1
99	8.5	BC9_run1
100	9.0	BC9_run1
0	3.0	BC12_run2
1	5.0	BC12_run2
2	6.5	BC12_run2
3	6.5	BC12_run2
4	6.5	BC12_run2
5	8.0	BC12_run2
6	21.5	BC12_run2
7	39.5	BC12_run2
8	50.5	BC12_run2
9	65.0	BC12_run2
10	100.5	BC12_run2
11	181.5	BC12_run2
12	257.0	BC12_run2
13	373.0	BC12_run2
14	589.5	BC12_run2
15	937.5	BC12_run2
16	1227.5	BC12_run2
17	1696.5	BC12_run2
18	2637.0	BC12_run2
19	4150.0	BC12_run2
20	5396.0	BC12_run2
21	6802.0	BC12_run2
22	9840.5	BC12_run2
23	14115.5	BC12_run2
24	16810.5	BC12_run2
25	19944.5	BC12_run2
26	26095.0	BC12_run2
27	33160.5	BC12_run2
28	37411.0	BC12_run2
29	41951.0	BC12_run2
30	50469.5	BC12_run2
31	59861.0	BC12_run2
32	64968.5	BC12_run2
33	70899.5	BC12_run2
34	81523.0	BC12_run2
35	91539.0	BC12_run2
36	96872.0	BC12_run2
37	102385.5	BC12_run2
38	112756.0	BC12_run2
39	122106.5	BC12_run2
40	126950.5	BC12_run2
41	137073.5	BC12_run2
42	162825.0	BC12_run2
43	178370.5	BC12_run2
44	175759.0	BC12_run2
45	179551.0	BC12_run2
46	189750.0	BC12_run2
47	196075.5	BC12_run2
48	197895.5	BC12_run2
49	207049.0	BC12_run2
50	222145.5	BC12_run2
51	241322.5	BC12_run2
52	254216.0	BC12_run2
53	240512.5	BC12_run2
54	226993.5	BC12_run2
55	218148.5	BC12_run2
56	210214.5	BC12_run2
57	199697.0	BC12_run2
58	182569.0	BC12_run2
59	177304.5	BC12_run2
60	174245.0	BC12_run2
61	160923.5	BC12_run2
62	152524.0	BC12_run2
63	149281.0	BC12_run2
64	143663.5	BC12_run2
65	114226.5	BC12_run2
66	68746.0	BC12_run2
67	52221.0	BC12_run2
68	52804.5	BC12_run2
69	42985.5	BC12_run2
70	28944.0	BC12_run2
71	25215.0	BC12_run2
72	25583.0	BC12_run2
73	27714.0	BC12_run2
74	31273.0	BC12_run2
75	26330.5	BC12_run2
76	19105.5	BC12_run2
77	17232.0	BC12_run2
78	14793.0	BC12_run2
79	9749.0	BC12_run2
80	6039.5	BC12_run2
81	4341.0	BC12_run2
82	2035.5	BC12_run2
83	1015.5	BC12_run2
84	854.0	BC12_run2
85	1065.5	BC12_run2
86	747.0	BC12_run2
87	168.5	BC12_run2
88	171.0	BC12_run2
89	106.0	BC12_run2
90	33.0	BC12_run2
91	25.0	BC12_run2
92	20.5	BC12_run2
93	16.5	BC12_run2
94	14.0	BC12_run2
95	12.0	BC12_run2
96	9.5	BC12_run2
97	8.0	BC12_run2
98	6.5	BC12_run2
99	3.5	BC12_run2
100	2.0	BC12_run2
0	0.0	BC5_run2
1	0.0	BC5_run2
2	1.0	BC5_run2
3	1.5	BC5_run2
4	2.0	BC5_run2
5	9.0	BC5_run2
6	16.5	BC5_run2
7	27.0	BC5_run2
8	37.0	BC5_run2
9	25.5	BC5_run2
10	25.5	BC5_run2
11	82.5	BC5_run2
12	150.0	BC5_run2
13	256.0	BC5_run2
14	435.5	BC5_run2
15	685.0	BC5_run2
16	785.5	BC5_run2
17	1043.0	BC5_run2
18	2099.5	BC5_run2
19	4469.0	BC5_run2
20	6308.5	BC5_run2
21	7650.5	BC5_run2
22	11640.0	BC5_run2
23	17064.0	BC5_run2
24	20177.5	BC5_run2
25	23568.5	BC5_run2
26	31247.0	BC5_run2
27	38351.5	BC5_run2
28	41267.0	BC5_run2
29	47944.0	BC5_run2
30	57893.5	BC5_run2
31	66528.5	BC5_run2
32	71439.0	BC5_run2
33	80811.5	BC5_run2
34	95056.5	BC5_run2
35	107684.0	BC5_run2
36	115372.0	BC5_run2
37	119334.5	BC5_run2
38	125933.5	BC5_run2
39	131415.5	BC5_run2
40	133784.0	BC5_run2
41	140437.0	BC5_run2
42	150474.0	BC5_run2
43	157365.5	BC5_run2
44	162778.0	BC5_run2
45	167420.5	BC5_run2
46	173414.5	BC5_run2
47	176492.0	BC5_run2
48	178533.0	BC5_run2
49	181729.0	BC5_run2
50	189356.5	BC5_run2
51	212088.5	BC5_run2
52	232313.0	BC5_run2
53	222026.5	BC5_run2
54	228297.0	BC5_run2
55	231246.0	BC5_run2
56	218698.0	BC5_run2
57	219395.5	BC5_run2
58	218946.5	BC5_run2
59	226916.5	BC5_run2
60	216779.0	BC5_run2
61	182387.0	BC5_run2
62	144607.0	BC5_run2
63	107812.0	BC5_run2
64	87543.5	BC5_run2
65	76301.0	BC5_run2
66	59038.5	BC5_run2
67	56699.0	BC5_run2
68	61408.0	BC5_run2
69	48977.0	BC5_run2
70	30352.0	BC5_run2
71	19620.5	BC5_run2
72	15048.0	BC5_run2
73	13715.0	BC5_run2
74	10856.0	BC5_run2
75	7775.0	BC5_run2
76	6234.0	BC5_run2
77	4885.0	BC5_run2
78	4154.0	BC5_run2
79	3496.0	BC5_run2
80	2431.0	BC5_run2
81	1848.5	BC5_run2
82	854.5	BC5_run2
83	442.5	BC5_run2
84	461.0	BC5_run2
85	294.5	BC5_run2
86	114.5	BC5_run2
87	57.0	BC5_run2
88	23.0	BC5_run2
89	9.0	BC5_run2
90	3.0	BC5_run2
91	3.5	BC5_run2
92	2.5	BC5_run2
93	1.0	BC5_run2
94	1.5	BC5_run2
95	1.0	BC5_run2
96	0.0	BC5_run2
97	0.0	BC5_run2
98	1.0	BC5_run2
99	3.0	BC5_run2
100	4.0	BC5_run2
0	4.0	BC16_run2
1	4.5	BC16_run2
2	8.5	BC16_run2
3	12.5	BC16_run2
4	14.0	BC16_run2
5	18.5	BC16_run2
6	17.5	BC16_run2
7	14.5	BC16_run2
8	19.5	BC16_run2
9	32.0	BC16_run2
10	70.0	BC16_run2
11	116.5	BC16_run2
12	139.0	BC16_run2
13	216.0	BC16_run2
14	443.0	BC16_run2
15	731.5	BC16_run2
16	900.5	BC16_run2
17	1421.5	BC16_run2
18	2686.0	BC16_run2
19	5299.5	BC16_run2
20	7575.0	BC16_run2
21	10710.0	BC16_run2
22	17496.0	BC16_run2
23	27620.0	BC16_run2
24	34608.5	BC16_run2
25	43347.5	BC16_run2
26	61975.5	BC16_run2
27	85237.5	BC16_run2
28	99537.5	BC16_run2
29	116474.5	BC16_run2
30	147546.5	BC16_run2
31	181693.5	BC16_run2
32	200966.0	BC16_run2
33	227183.0	BC16_run2
34	271046.0	BC16_run2
35	305387.0	BC16_run2
36	323230.5	BC16_run2
37	340312.5	BC16_run2
38	365141.0	BC16_run2
39	391404.0	BC16_run2
40	415698.0	BC16_run2
41	449716.0	BC16_run2
42	512004.5	BC16_run2
43	540418.0	BC16_run2
44	529275.5	BC16_run2
45	522240.5	BC16_run2
46	522280.0	BC16_run2
47	519365.5	BC16_run2
48	509901.0	BC16_run2
49	503290.0	BC16_run2
50	487884.0	BC16_run2
51	465210.0	BC16_run2
52	446122.0	BC16_run2
53	397104.5	BC16_run2
54	331972.5	BC16_run2
55	279584.0	BC16_run2
56	245622.5	BC16_run2
57	227449.5	BC16_run2
58	205643.5	BC16_run2
59	187582.0	BC16_run2
60	170153.5	BC16_run2
61	148796.5	BC16_run2
62	130461.0	BC16_run2
63	101956.0	BC16_run2
64	74761.0	BC16_run2
65	53715.0	BC16_run2
66	29390.5	BC16_run2
67	19446.5	BC16_run2
68	15789.5	BC16_run2
69	12879.0	BC16_run2
70	9378.0	BC16_run2
71	6597.5	BC16_run2
72	5316.0	BC16_run2
73	4449.5	BC16_run2
74	3550.5	BC16_run2
75	2729.0	BC16_run2
76	2147.5	BC16_run2
77	1521.0	BC16_run2
78	788.0	BC16_run2
79	515.0	BC16_run2
80	438.0	BC16_run2
81	315.0	BC16_run2
82	186.5	BC16_run2
83	122.0	BC16_run2
84	96.5	BC16_run2
85	95.0	BC16_run2
86	76.0	BC16_run2
87	43.0	BC16_run2
88	33.0	BC16_run2
89	27.5	BC16_run2
90	25.0	BC16_run2
91	19.5	BC16_run2
92	13.5	BC16_run2
93	12.5	BC16_run2
94	9.5	BC16_run2
95	6.5	BC16_run2
96	4.5	BC16_run2
97	3.0	BC16_run2
98	2.0	BC16_run2
99	3.5	BC16_run2
100	6.0	BC16_run2
0	0.0	BC9_run2
1	0.5	BC9_run2
2	1.0	BC9_run2
3	1.0	BC9_run2
4	0.5	BC9_run2
5	0.5	BC9_run2
6	1.5	BC9_run2
7	3.0	BC9_run2
8	4.0	BC9_run2
9	3.5	BC9_run2
10	4.0	BC9_run2
11	7.0	BC9_run2
12	11.5	BC9_run2
13	17.0	BC9_run2
14	234.0	BC9_run2
15	843.5	BC9_run2
16	1258.5	BC9_run2
17	729.5	BC9_run2
18	465.0	BC9_run2
19	1433.0	BC9_run2
20	2141.0	BC9_run2
21	3701.5	BC9_run2
22	6260.5	BC9_run2
23	10235.5	BC9_run2
24	15883.5	BC9_run2
25	21007.5	BC9_run2
26	20331.5	BC9_run2
27	17410.5	BC9_run2
28	19365.0	BC9_run2
29	26503.5	BC9_run2
30	30589.5	BC9_run2
31	31340.5	BC9_run2
32	34862.0	BC9_run2
33	41945.5	BC9_run2
34	41944.5	BC9_run2
35	46992.0	BC9_run2
36	56419.0	BC9_run2
37	55546.0	BC9_run2
38	58885.5	BC9_run2
39	56432.0	BC9_run2
40	52329.0	BC9_run2
41	52270.5	BC9_run2
42	52248.0	BC9_run2
43	55859.0	BC9_run2
44	57192.0	BC9_run2
45	51328.5	BC9_run2
46	53640.5	BC9_run2
47	61176.5	BC9_run2
48	65353.0	BC9_run2
49	65907.5	BC9_run2
50	75366.5	BC9_run2
51	563948.5	BC9_run2
52	1036959.5	BC9_run2
53	565461.5	BC9_run2
54	73827.5	BC9_run2
55	47331.5	BC9_run2
56	45061.5	BC9_run2
57	55560.0	BC9_run2
58	60711.5	BC9_run2
59	59645.5	BC9_run2
60	62631.0	BC9_run2
61	64308.5	BC9_run2
62	56094.5	BC9_run2
63	55858.5	BC9_run2
64	65459.5	BC9_run2
65	56593.5	BC9_run2
66	40279.5	BC9_run2
67	32142.5	BC9_run2
68	31351.5	BC9_run2
69	32234.0	BC9_run2
70	32720.0	BC9_run2
71	22880.0	BC9_run2
72	13599.5	BC9_run2
73	11635.5	BC9_run2
74	7949.5	BC9_run2
75	5292.5	BC9_run2
76	4181.0	BC9_run2
77	2900.0	BC9_run2
78	1093.0	BC9_run2
79	361.5	BC9_run2
80	273.5	BC9_run2
81	252.5	BC9_run2
82	225.5	BC9_run2
83	220.0	BC9_run2
84	267.5	BC9_run2
85	324.0	BC9_run2
86	340.5	BC9_run2
87	371.0	BC9_run2
88	349.5	BC9_run2
89	234.0	BC9_run2
90	153.5	BC9_run2
91	89.0	BC9_run2
92	37.5	BC9_run2
93	21.0	BC9_run2
94	5.5	BC9_run2
95	3.0	BC9_run2
96	0.5	BC9_run2
97	1.0	BC9_run2
98	2.5	BC9_run2
99	13.5	BC9_run2
100	23.0	BC9_run2
0	0.0	BC8_run1
1	0.0	BC8_run1
2	1.0	BC8_run1
3	2.5	BC8_run1
4	4.0	BC8_run1
5	6.0	BC8_run1
6	11.0	BC8_run1
7	18.0	BC8_run1
8	21.5	BC8_run1
9	26.0	BC8_run1
10	41.0	BC8_run1
11	72.5	BC8_run1
12	95.0	BC8_run1
13	137.5	BC8_run1
14	226.0	BC8_run1
15	386.5	BC8_run1
16	569.5	BC8_run1
17	933.0	BC8_run1
18	1623.0	BC8_run1
19	2860.0	BC8_run1
20	3911.0	BC8_run1
21	5135.0	BC8_run1
22	7771.5	BC8_run1
23	11247.5	BC8_run1
24	13423.0	BC8_run1
25	16790.0	BC8_run1
26	22665.5	BC8_run1
27	29095.5	BC8_run1
28	33200.5	BC8_run1
29	37633.0	BC8_run1
30	46149.5	BC8_run1
31	56112.0	BC8_run1
32	61734.5	BC8_run1
33	68173.0	BC8_run1
34	80353.5	BC8_run1
35	92569.0	BC8_run1
36	98626.5	BC8_run1
37	105301.5	BC8_run1
38	118295.0	BC8_run1
39	130230.0	BC8_run1
40	136489.5	BC8_run1
41	146729.0	BC8_run1
42	170169.5	BC8_run1
43	185081.0	BC8_run1
44	185284.5	BC8_run1
45	190301.0	BC8_run1
46	201969.0	BC8_run1
47	210696.5	BC8_run1
48	214312.5	BC8_run1
49	224457.0	BC8_run1
50	247235.0	BC8_run1
51	270576.5	BC8_run1
52	278882.0	BC8_run1
53	255895.5	BC8_run1
54	231085.5	BC8_run1
55	218222.5	BC8_run1
56	209841.5	BC8_run1
57	201192.5	BC8_run1
58	179055.0	BC8_run1
59	167304.5	BC8_run1
60	167036.5	BC8_run1
61	150687.0	BC8_run1
62	125900.0	BC8_run1
63	113675.0	BC8_run1
64	110759.0	BC8_run1
65	92260.5	BC8_run1
66	59815.5	BC8_run1
67	45397.0	BC8_run1
68	45152.5	BC8_run1
69	34706.5	BC8_run1
70	20732.0	BC8_run1
71	15969.5	BC8_run1
72	14717.5	BC8_run1
73	13851.5	BC8_run1
74	13577.0	BC8_run1
75	11882.0	BC8_run1
76	8941.5	BC8_run1
77	7683.0	BC8_run1
78	6575.5	BC8_run1
79	4352.0	BC8_run1
80	2629.5	BC8_run1
81	1765.5	BC8_run1
82	698.0	BC8_run1
83	241.0	BC8_run1
84	139.0	BC8_run1
85	106.0	BC8_run1
86	63.5	BC8_run1
87	40.5	BC8_run1
88	31.5	BC8_run1
89	24.0	BC8_run1
90	17.5	BC8_run1
91	13.5	BC8_run1
92	13.5	BC8_run1
93	12.0	BC8_run1
94	9.0	BC8_run1
95	7.5	BC8_run1
96	8.0	BC8_run1
97	7.5	BC8_run1
98	5.0	BC8_run1
99	4.0	BC8_run1
100	4.0	BC8_run1
0	0.0	BC11_run2
1	0.5	BC11_run2
2	3.5	BC11_run2
3	6.5	BC11_run2
4	6.5	BC11_run2
5	8.0	BC11_run2
6	11.5	BC11_run2
7	15.0	BC11_run2
8	17.0	BC11_run2
9	28.0	BC11_run2
10	52.0	BC11_run2
11	77.5	BC11_run2
12	101.0	BC11_run2
13	165.5	BC11_run2
14	280.5	BC11_run2
15	447.5	BC11_run2
16	601.5	BC11_run2
17	903.0	BC11_run2
18	1615.5	BC11_run2
19	2850.0	BC11_run2
20	3870.0	BC11_run2
21	5208.0	BC11_run2
22	7966.0	BC11_run2
23	11680.0	BC11_run2
24	14094.0	BC11_run2
25	17303.5	BC11_run2
26	24645.5	BC11_run2
27	32096.0	BC11_run2
28	35416.0	BC11_run2
29	39186.0	BC11_run2
30	47170.5	BC11_run2
31	59934.0	BC11_run2
32	68583.0	BC11_run2
33	73017.0	BC11_run2
34	82111.5	BC11_run2
35	96475.0	BC11_run2
36	105667.0	BC11_run2
37	109866.0	BC11_run2
38	120388.0	BC11_run2
39	132325.5	BC11_run2
40	138776.5	BC11_run2
41	150327.0	BC11_run2
42	180332.5	BC11_run2
43	197560.5	BC11_run2
44	193900.5	BC11_run2
45	201715.0	BC11_run2
46	216387.5	BC11_run2
47	226192.0	BC11_run2
48	230904.0	BC11_run2
49	240392.5	BC11_run2
50	256700.5	BC11_run2
51	277049.5	BC11_run2
52	290989.0	BC11_run2
53	276534.5	BC11_run2
54	260245.5	BC11_run2
55	248092.5	BC11_run2
56	237416.0	BC11_run2
57	231023.5	BC11_run2
58	208930.5	BC11_run2
59	192606.5	BC11_run2
60	189851.0	BC11_run2
61	176961.0	BC11_run2
62	159461.0	BC11_run2
63	147710.5	BC11_run2
64	141844.0	BC11_run2
65	114535.5	BC11_run2
66	70483.5	BC11_run2
67	53373.5	BC11_run2
68	53577.5	BC11_run2
69	42268.0	BC11_run2
70	27638.5	BC11_run2
71	23322.0	BC11_run2
72	22252.5	BC11_run2
73	22868.0	BC11_run2
74	23785.0	BC11_run2
75	20019.0	BC11_run2
76	15287.0	BC11_run2
77	13636.0	BC11_run2
78	11606.5	BC11_run2
79	7902.0	BC11_run2
80	5146.5	BC11_run2
81	3499.5	BC11_run2
82	1444.0	BC11_run2
83	616.0	BC11_run2
84	448.5	BC11_run2
85	392.0	BC11_run2
86	211.5	BC11_run2
87	56.5	BC11_run2
88	49.0	BC11_run2
89	38.0	BC11_run2
90	27.5	BC11_run2
91	24.0	BC11_run2
92	23.5	BC11_run2
93	22.5	BC11_run2
94	17.0	BC11_run2
95	12.5	BC11_run2
96	11.5	BC11_run2
97	10.0	BC11_run2
98	7.0	BC11_run2
99	5.5	BC11_run2
100	5.0	BC11_run2
0	2.0	BC15_run1
1	2.0	BC15_run1
2	2.0	BC15_run1
3	2.0	BC15_run1
4	2.5	BC15_run1
5	5.5	BC15_run1
6	8.5	BC15_run1
7	10.0	BC15_run1
8	13.5	BC15_run1
9	23.5	BC15_run1
10	38.0	BC15_run1
11	132.5	BC15_run1
12	229.0	BC15_run1
13	255.5	BC15_run1
14	560.0	BC15_run1
15	952.5	BC15_run1
16	1072.0	BC15_run1
17	1278.0	BC15_run1
18	2528.0	BC15_run1
19	4491.5	BC15_run1
20	5591.5	BC15_run1
21	8470.0	BC15_run1
22	13767.5	BC15_run1
23	22363.5	BC15_run1
24	29026.5	BC15_run1
25	36084.5	BC15_run1
26	50187.0	BC15_run1
27	64305.5	BC15_run1
28	72132.0	BC15_run1
29	86325.0	BC15_run1
30	108282.0	BC15_run1
31	129166.5	BC15_run1
32	141969.5	BC15_run1
33	162194.0	BC15_run1
34	192934.5	BC15_run1
35	217502.0	BC15_run1
36	230211.0	BC15_run1
37	241670.5	BC15_run1
38	261150.5	BC15_run1
39	277931.0	BC15_run1
40	289648.0	BC15_run1
41	314818.0	BC15_run1
42	360519.5	BC15_run1
43	378728.5	BC15_run1
44	370699.0	BC15_run1
45	372666.5	BC15_run1
46	381888.5	BC15_run1
47	381957.5	BC15_run1
48	377538.5	BC15_run1
49	373645.0	BC15_run1
50	363112.5	BC15_run1
51	350260.0	BC15_run1
52	338254.0	BC15_run1
53	293942.5	BC15_run1
54	237517.5	BC15_run1
55	199783.0	BC15_run1
56	177615.5	BC15_run1
57	170017.0	BC15_run1
58	153405.5	BC15_run1
59	133271.5	BC15_run1
60	119697.5	BC15_run1
61	107277.0	BC15_run1
62	92869.5	BC15_run1
63	69611.0	BC15_run1
64	51203.5	BC15_run1
65	39813.5	BC15_run1
66	25376.5	BC15_run1
67	17399.5	BC15_run1
68	13780.0	BC15_run1
69	11093.5	BC15_run1
70	8243.5	BC15_run1
71	6947.5	BC15_run1
72	6379.0	BC15_run1
73	5046.5	BC15_run1
74	3973.0	BC15_run1
75	3505.0	BC15_run1
76	3028.5	BC15_run1
77	2269.5	BC15_run1
78	1312.5	BC15_run1
79	1211.0	BC15_run1
80	1278.0	BC15_run1
81	801.5	BC15_run1
82	233.0	BC15_run1
83	87.5	BC15_run1
84	69.5	BC15_run1
85	56.5	BC15_run1
86	44.0	BC15_run1
87	28.5	BC15_run1
88	17.0	BC15_run1
89	12.5	BC15_run1
90	9.5	BC15_run1
91	8.0	BC15_run1
92	7.5	BC15_run1
93	7.0	BC15_run1
94	6.5	BC15_run1
95	3.5	BC15_run1
96	1.0	BC15_run1
97	0.5	BC15_run1
98	1.5	BC15_run1
99	3.0	BC15_run1
100	3.0	BC15_run1
0	2.0	BC12_run1
1	2.5	BC12_run1
2	3.0	BC12_run1
3	3.0	BC12_run1
4	4.5	BC12_run1
5	12.0	BC12_run1
6	24.0	BC12_run1
7	35.0	BC12_run1
8	39.0	BC12_run1
9	54.0	BC12_run1
10	101.0	BC12_run1
11	163.0	BC12_run1
12	206.0	BC12_run1
13	304.0	BC12_run1
14	521.5	BC12_run1
15	865.0	BC12_run1
16	1149.0	BC12_run1
17	1631.5	BC12_run1
18	2600.0	BC12_run1
19	4050.0	BC12_run1
20	5188.0	BC12_run1
21	6682.0	BC12_run1
22	9658.0	BC12_run1
23	13678.0	BC12_run1
24	16369.5	BC12_run1
25	19444.0	BC12_run1
26	25323.5	BC12_run1
27	32005.0	BC12_run1
28	36146.5	BC12_run1
29	40801.0	BC12_run1
30	49065.5	BC12_run1
31	57944.5	BC12_run1
32	62743.5	BC12_run1
33	68349.5	BC12_run1
34	78430.5	BC12_run1
35	88160.5	BC12_run1
36	93258.5	BC12_run1
37	98661.0	BC12_run1
38	108920.5	BC12_run1
39	118042.0	BC12_run1
40	122801.5	BC12_run1
41	132240.0	BC12_run1
42	156921.5	BC12_run1
43	171913.0	BC12_run1
44	169397.0	BC12_run1
45	172684.5	BC12_run1
46	182189.0	BC12_run1
47	188659.0	BC12_run1
48	190961.5	BC12_run1
49	198974.5	BC12_run1
50	213106.0	BC12_run1
51	232299.0	BC12_run1
52	244590.5	BC12_run1
53	231681.0	BC12_run1
54	218977.5	BC12_run1
55	209882.0	BC12_run1
56	201985.5	BC12_run1
57	192932.0	BC12_run1
58	177019.5	BC12_run1
59	171956.0	BC12_run1
60	169411.0	BC12_run1
61	156945.5	BC12_run1
62	149216.5	BC12_run1
63	145198.0	BC12_run1
64	138785.5	BC12_run1
65	110401.0	BC12_run1
66	66729.5	BC12_run1
67	50946.0	BC12_run1
68	51396.5	BC12_run1
69	41897.5	BC12_run1
70	28202.0	BC12_run1
71	24577.5	BC12_run1
72	25032.0	BC12_run1
73	26939.0	BC12_run1
74	30303.5	BC12_run1
75	25592.5	BC12_run1
76	18535.5	BC12_run1
77	16748.5	BC12_run1
78	14498.0	BC12_run1
79	9537.5	BC12_run1
80	5822.5	BC12_run1
81	4260.5	BC12_run1
82	2045.5	BC12_run1
83	973.0	BC12_run1
84	832.5	BC12_run1
85	999.5	BC12_run1
86	696.0	BC12_run1
87	181.0	BC12_run1
88	190.5	BC12_run1
89	110.0	BC12_run1
90	27.5	BC12_run1
91	17.0	BC12_run1
92	10.5	BC12_run1
93	9.0	BC12_run1
94	7.5	BC12_run1
95	5.5	BC12_run1
96	4.5	BC12_run1
97	6.0	BC12_run1
98	6.5	BC12_run1
99	6.0	BC12_run1
100	6.0	BC12_run1
0	0.0	BC7_run1
1	0.0	BC7_run1
2	0.0	BC7_run1
3	2.0	BC7_run1
4	4.0	BC7_run1
5	19.0	BC7_run1
6	37.5	BC7_run1
7	39.5	BC7_run1
8	66.5	BC7_run1
9	94.0	BC7_run1
10	116.5	BC7_run1
11	230.5	BC7_run1
12	304.0	BC7_run1
13	333.0	BC7_run1
14	508.0	BC7_run1
15	828.0	BC7_run1
16	1081.0	BC7_run1
17	1735.5	BC7_run1
18	3142.5	BC7_run1
19	5908.5	BC7_run1
20	8077.0	BC7_run1
21	10339.0	BC7_run1
22	15170.0	BC7_run1
23	22983.0	BC7_run1
24	28530.0	BC7_run1
25	35732.5	BC7_run1
26	49046.5	BC7_run1
27	61642.5	BC7_run1
28	68845.5	BC7_run1
29	78720.5	BC7_run1
30	94573.5	BC7_run1
31	113150.0	BC7_run1
32	124619.0	BC7_run1
33	137236.5	BC7_run1
34	159528.0	BC7_run1
35	179432.5	BC7_run1
36	189371.5	BC7_run1
37	192435.0	BC7_run1
38	206006.0	BC7_run1
39	226660.5	BC7_run1
40	237343.5	BC7_run1
41	245570.5	BC7_run1
42	261164.0	BC7_run1
43	280470.0	BC7_run1
44	293709.5	BC7_run1
45	302405.0	BC7_run1
46	306643.5	BC7_run1
47	301711.0	BC7_run1
48	301605.5	BC7_run1
49	306448.5	BC7_run1
50	319354.0	BC7_run1
51	351401.5	BC7_run1
52	372787.5	BC7_run1
53	341795.0	BC7_run1
54	337313.0	BC7_run1
55	316685.5	BC7_run1
56	273028.5	BC7_run1
57	265502.0	BC7_run1
58	285930.0	BC7_run1
59	339034.0	BC7_run1
60	343581.0	BC7_run1
61	293631.0	BC7_run1
62	233624.0	BC7_run1
63	168647.5	BC7_run1
64	130587.5	BC7_run1
65	109366.0	BC7_run1
66	77641.5	BC7_run1
67	76887.5	BC7_run1
68	87165.5	BC7_run1
69	63142.5	BC7_run1
70	31163.5	BC7_run1
71	17587.5	BC7_run1
72	12138.0	BC7_run1
73	10420.0	BC7_run1
74	7891.5	BC7_run1
75	6054.0	BC7_run1
76	5004.0	BC7_run1
77	4464.0	BC7_run1
78	3337.0	BC7_run1
79	2359.5	BC7_run1
80	2007.5	BC7_run1
81	1439.0	BC7_run1
82	639.0	BC7_run1
83	208.5	BC7_run1
84	110.0	BC7_run1
85	57.0	BC7_run1
86	19.0	BC7_run1
87	10.0	BC7_run1
88	6.0	BC7_run1
89	3.5	BC7_run1
90	2.0	BC7_run1
91	2.0	BC7_run1
92	4.5	BC7_run1
93	7.5	BC7_run1
94	7.0	BC7_run1
95	4.0	BC7_run1
96	3.0	BC7_run1
97	2.0	BC7_run1
98	2.5	BC7_run1
99	2.5	BC7_run1
100	1.0	BC7_run1
0	1.0	BC11_run3
1	1.5	BC11_run3
2	4.0	BC11_run3
3	6.0	BC11_run3
4	7.0	BC11_run3
5	10.5	BC11_run3
6	18.0	BC11_run3
7	28.5	BC11_run3
8	37.5	BC11_run3
9	59.5	BC11_run3
10	93.0	BC11_run3
11	132.0	BC11_run3
12	182.5	BC11_run3
13	304.0	BC11_run3
14	508.0	BC11_run3
15	836.0	BC11_run3
16	1144.0	BC11_run3
17	1811.5	BC11_run3
18	3196.0	BC11_run3
19	5800.5	BC11_run3
20	8093.5	BC11_run3
21	10654.5	BC11_run3
22	15993.0	BC11_run3
23	23482.0	BC11_run3
24	28587.0	BC11_run3
25	35507.0	BC11_run3
26	48315.5	BC11_run3
27	62481.0	BC11_run3
28	70884.5	BC11_run3
29	80354.0	BC11_run3
30	98235.0	BC11_run3
31	119923.0	BC11_run3
32	132875.0	BC11_run3
33	146837.5	BC11_run3
34	172003.5	BC11_run3
35	198017.0	BC11_run3
36	212258.0	BC11_run3
37	225280.5	BC11_run3
38	252157.0	BC11_run3
39	278491.0	BC11_run3
40	292350.0	BC11_run3
41	316080.5	BC11_run3
42	377088.0	BC11_run3
43	413176.0	BC11_run3
44	407043.0	BC11_run3
45	420256.5	BC11_run3
46	452464.5	BC11_run3
47	478257.0	BC11_run3
48	488612.0	BC11_run3
49	506813.0	BC11_run3
50	538381.5	BC11_run3
51	577504.5	BC11_run3
52	605178.0	BC11_run3
53	576139.5	BC11_run3
54	543386.0	BC11_run3
55	516587.5	BC11_run3
56	491806.5	BC11_run3
57	469095.5	BC11_run3
58	422176.0	BC11_run3
59	393784.0	BC11_run3
60	385055.0	BC11_run3
61	355551.5	BC11_run3
62	322021.5	BC11_run3
63	300575.5	BC11_run3
64	285941.5	BC11_run3
65	231409.0	BC11_run3
66	143342.0	BC11_run3
67	105025.5	BC11_run3
68	101253.0	BC11_run3
69	81634.0	BC11_run3
70	55441.5	BC11_run3
71	46534.5	BC11_run3
72	44260.0	BC11_run3
73	45525.0	BC11_run3
74	47889.5	BC11_run3
75	40737.0	BC11_run3
76	30865.5	BC11_run3
77	27551.5	BC11_run3
78	23499.5	BC11_run3
79	16029.5	BC11_run3
80	10722.5	BC11_run3
81	7267.0	BC11_run3
82	2924.5	BC11_run3
83	1229.5	BC11_run3
84	939.5	BC11_run3
85	810.5	BC11_run3
86	420.5	BC11_run3
87	116.5	BC11_run3
88	102.0	BC11_run3
89	74.5	BC11_run3
90	49.5	BC11_run3
91	42.0	BC11_run3
92	39.0	BC11_run3
93	39.5	BC11_run3
94	33.5	BC11_run3
95	21.0	BC11_run3
96	11.5	BC11_run3
97	10.0	BC11_run3
98	8.5	BC11_run3
99	7.5	BC11_run3
100	9.0	BC11_run3
0	0.0	BC14_run2
1	0.5	BC14_run2
2	1.0	BC14_run2
3	1.0	BC14_run2
4	0.5	BC14_run2
5	0.0	BC14_run2
6	0.0	BC14_run2
7	0.0	BC14_run2
8	1.0	BC14_run2
9	3.0	BC14_run2
10	5.5	BC14_run2
11	12.5	BC14_run2
12	19.0	BC14_run2
13	24.5	BC14_run2
14	30.5	BC14_run2
15	38.5	BC14_run2
16	56.0	BC14_run2
17	87.5	BC14_run2
18	142.0	BC14_run2
19	2850.5	BC14_run2
20	5336.0	BC14_run2
21	4129.5	BC14_run2
22	6606.0	BC14_run2
23	10702.5	BC14_run2
24	11263.5	BC14_run2
25	12720.5	BC14_run2
26	17138.0	BC14_run2
27	27881.5	BC14_run2
28	38009.5	BC14_run2
29	40958.5	BC14_run2
30	51471.0	BC14_run2
31	60375.0	BC14_run2
32	59591.5	BC14_run2
33	74265.5	BC14_run2
34	110542.5	BC14_run2
35	128910.0	BC14_run2
36	129909.0	BC14_run2
37	142352.0	BC14_run2
38	153443.0	BC14_run2
39	165312.5	BC14_run2
40	176978.5	BC14_run2
41	194671.5	BC14_run2
42	204141.0	BC14_run2
43	192030.0	BC14_run2
44	185453.5	BC14_run2
45	182436.5	BC14_run2
46	181703.0	BC14_run2
47	169163.5	BC14_run2
48	153796.0	BC14_run2
49	161978.5	BC14_run2
50	174260.5	BC14_run2
51	355730.5	BC14_run2
52	525711.5	BC14_run2
53	324133.0	BC14_run2
54	126698.0	BC14_run2
55	112418.5	BC14_run2
56	96424.5	BC14_run2
57	83713.5	BC14_run2
58	82964.5	BC14_run2
59	87251.0	BC14_run2
60	84886.5	BC14_run2
61	86156.0	BC14_run2
62	89216.0	BC14_run2
63	78167.5	BC14_run2
64	64717.5	BC14_run2
65	55899.5	BC14_run2
66	46011.0	BC14_run2
67	48039.0	BC14_run2
68	51266.0	BC14_run2
69	48204.5	BC14_run2
70	39321.5	BC14_run2
71	26294.5	BC14_run2
72	19235.0	BC14_run2
73	17026.0	BC14_run2
74	13918.5	BC14_run2
75	10852.0	BC14_run2
76	8343.0	BC14_run2
77	9768.5	BC14_run2
78	8318.5	BC14_run2
79	4156.0	BC14_run2
80	3567.0	BC14_run2
81	3346.0	BC14_run2
82	1749.0	BC14_run2
83	767.0	BC14_run2
84	1164.5	BC14_run2
85	661.0	BC14_run2
86	113.0	BC14_run2
87	60.0	BC14_run2
88	54.5	BC14_run2
89	55.0	BC14_run2
90	70.5	BC14_run2
91	96.0	BC14_run2
92	99.5	BC14_run2
93	92.0	BC14_run2
94	81.0	BC14_run2
95	92.0	BC14_run2
96	115.5	BC14_run2
97	168.5	BC14_run2
98	536.0	BC14_run2
99	498.0	BC14_run2
100	141.0	BC14_run2
0	9.0	BC16_run1
1	8.0	BC16_run1
2	10.5	BC16_run1
3	14.5	BC16_run1
4	15.5	BC16_run1
5	20.5	BC16_run1
6	22.5	BC16_run1
7	18.5	BC16_run1
8	17.5	BC16_run1
9	33.0	BC16_run1
10	75.5	BC16_run1
11	118.5	BC16_run1
12	138.5	BC16_run1
13	212.5	BC16_run1
14	397.0	BC16_run1
15	667.0	BC16_run1
16	878.5	BC16_run1
17	1377.0	BC16_run1
18	2708.5	BC16_run1
19	5350.0	BC16_run1
20	7499.0	BC16_run1
21	10490.0	BC16_run1
22	16997.5	BC16_run1
23	26732.5	BC16_run1
24	33555.0	BC16_run1
25	42366.5	BC16_run1
26	60154.5	BC16_run1
27	81884.5	BC16_run1
28	95656.5	BC16_run1
29	112820.0	BC16_run1
30	142860.0	BC16_run1
31	175204.0	BC16_run1
32	193686.5	BC16_run1
33	218402.5	BC16_run1
34	260025.5	BC16_run1
35	293180.0	BC16_run1
36	310246.0	BC16_run1
37	326080.5	BC16_run1
38	349736.5	BC16_run1
39	374840.0	BC16_run1
40	397235.0	BC16_run1
41	428344.5	BC16_run1
42	487862.5	BC16_run1
43	514751.5	BC16_run1
44	502280.5	BC16_run1
45	496266.5	BC16_run1
46	497157.5	BC16_run1
47	494359.5	BC16_run1
48	486191.5	BC16_run1
49	479418.5	BC16_run1
50	463301.0	BC16_run1
51	441412.5	BC16_run1
52	424038.0	BC16_run1
53	377317.5	BC16_run1
54	315608.5	BC16_run1
55	266508.0	BC16_run1
56	234639.0	BC16_run1
57	217296.5	BC16_run1
58	195613.5	BC16_run1
59	177821.0	BC16_run1
60	161625.0	BC16_run1
61	142078.5	BC16_run1
62	124707.5	BC16_run1
63	97749.5	BC16_run1
64	72422.5	BC16_run1
65	51678.0	BC16_run1
66	27873.5	BC16_run1
67	18367.5	BC16_run1
68	14816.5	BC16_run1
69	12166.0	BC16_run1
70	8815.5	BC16_run1
71	6211.5	BC16_run1
72	5059.5	BC16_run1
73	4183.5	BC16_run1
74	3338.5	BC16_run1
75	2556.5	BC16_run1
76	1943.0	BC16_run1
77	1386.5	BC16_run1
78	795.5	BC16_run1
79	565.5	BC16_run1
80	463.5	BC16_run1
81	339.5	BC16_run1
82	187.5	BC16_run1
83	115.0	BC16_run1
84	101.5	BC16_run1
85	99.0	BC16_run1
86	86.5	BC16_run1
87	55.5	BC16_run1
88	35.5	BC16_run1
89	32.5	BC16_run1
90	28.5	BC16_run1
91	20.0	BC16_run1
92	16.5	BC16_run1
93	20.0	BC16_run1
94	18.5	BC16_run1
95	7.5	BC16_run1
96	3.0	BC16_run1
97	5.0	BC16_run1
98	5.0	BC16_run1
99	7.0	BC16_run1
100	9.0	BC16_run1
0	0.0	BC14_run1
1	0.0	BC14_run1
2	0.5	BC14_run1
3	1.0	BC14_run1
4	1.0	BC14_run1
5	1.0	BC14_run1
6	1.0	BC14_run1
7	2.0	BC14_run1
8	2.0	BC14_run1
9	2.0	BC14_run1
10	6.5	BC14_run1
11	11.0	BC14_run1
12	11.5	BC14_run1
13	14.5	BC14_run1
14	25.5	BC14_run1
15	38.0	BC14_run1
16	50.5	BC14_run1
17	90.5	BC14_run1
18	155.0	BC14_run1
19	2629.0	BC14_run1
20	4898.0	BC14_run1
21	3787.5	BC14_run1
22	6230.5	BC14_run1
23	9951.0	BC14_run1
24	10235.0	BC14_run1
25	11558.5	BC14_run1
26	15952.5	BC14_run1
27	26278.0	BC14_run1
28	35681.5	BC14_run1
29	38392.0	BC14_run1
30	48150.0	BC14_run1
31	56517.0	BC14_run1
32	55970.0	BC14_run1
33	69927.0	BC14_run1
34	104149.5	BC14_run1
35	120849.0	BC14_run1
36	121282.5	BC14_run1
37	133366.0	BC14_run1
38	144494.5	BC14_run1
39	156690.5	BC14_run1
40	167881.0	BC14_run1
41	184610.0	BC14_run1
42	193339.5	BC14_run1
43	180417.5	BC14_run1
44	173869.5	BC14_run1
45	172244.0	BC14_run1
46	172790.5	BC14_run1
47	161071.0	BC14_run1
48	146089.5	BC14_run1
49	154338.5	BC14_run1
50	166032.0	BC14_run1
51	345909.0	BC14_run1
52	515797.5	BC14_run1
53	316992.0	BC14_run1
54	121761.5	BC14_run1
55	107333.0	BC14_run1
56	91418.0	BC14_run1
57	79838.0	BC14_run1
58	79030.0	BC14_run1
59	83085.5	BC14_run1
60	81291.0	BC14_run1
61	82003.5	BC14_run1
62	84531.0	BC14_run1
63	73652.5	BC14_run1
64	60338.0	BC14_run1
65	52288.0	BC14_run1
66	43062.5	BC14_run1
67	44789.5	BC14_run1
68	47801.5	BC14_run1
69	44915.0	BC14_run1
70	36665.5	BC14_run1
71	24369.5	BC14_run1
72	17643.5	BC14_run1
73	15880.0	BC14_run1
74	13196.0	BC14_run1
75	10404.0	BC14_run1
76	8111.0	BC14_run1
77	9305.0	BC14_run1
78	7895.5	BC14_run1
79	4026.5	BC14_run1
80	3459.5	BC14_run1
81	3202.5	BC14_run1
82	1662.0	BC14_run1
83	757.5	BC14_run1
84	1140.5	BC14_run1
85	650.0	BC14_run1
86	120.5	BC14_run1
87	60.5	BC14_run1
88	53.5	BC14_run1
89	64.0	BC14_run1
90	70.5	BC14_run1
91	84.5	BC14_run1
92	92.0	BC14_run1
93	76.0	BC14_run1
94	71.0	BC14_run1
95	85.0	BC14_run1
96	91.0	BC14_run1
97	135.5	BC14_run1
98	521.5	BC14_run1
99	509.5	BC14_run1
100	157.0	BC14_run1
0	0.0	BC14_run3
1	0.0	BC14_run3
2	0.0	BC14_run3
3	0.0	BC14_run3
4	0.0	BC14_run3
5	0.0	BC14_run3
6	0.0	BC14_run3
7	0.0	BC14_run3
8	0.0	BC14_run3
9	0.0	BC14_run3
10	0.5	BC14_run3
11	0.5	BC14_run3
12	0.5	BC14_run3
13	2.0	BC14_run3
14	3.0	BC14_run3
15	3.0	BC14_run3
16	4.5	BC14_run3
17	9.0	BC14_run3
18	24.0	BC14_run3
19	1088.5	BC14_run3
20	2065.0	BC14_run3
21	1613.5	BC14_run3
22	2744.5	BC14_run3
23	4502.5	BC14_run3
24	4721.5	BC14_run3
25	5244.0	BC14_run3
26	7031.5	BC14_run3
27	11509.5	BC14_run3
28	15621.0	BC14_run3
29	16809.0	BC14_run3
30	21666.5	BC14_run3
31	26006.0	BC14_run3
32	25861.5	BC14_run3
33	31772.5	BC14_run3
34	47774.5	BC14_run3
35	55949.5	BC14_run3
36	55618.0	BC14_run3
37	60686.0	BC14_run3
38	66272.0	BC14_run3
39	72173.5	BC14_run3
40	76775.5	BC14_run3
41	84528.5	BC14_run3
42	89095.5	BC14_run3
43	83687.0	BC14_run3
44	80805.5	BC14_run3
45	80260.0	BC14_run3
46	80339.0	BC14_run3
47	74308.0	BC14_run3
48	67378.5	BC14_run3
49	70833.5	BC14_run3
50	76125.0	BC14_run3
51	146822.5	BC14_run3
52	212722.0	BC14_run3
53	133972.0	BC14_run3
54	56692.0	BC14_run3
55	49629.0	BC14_run3
56	41884.0	BC14_run3
57	36672.5	BC14_run3
58	36641.5	BC14_run3
59	38357.5	BC14_run3
60	37255.5	BC14_run3
61	37911.5	BC14_run3
62	39658.0	BC14_run3
63	34485.5	BC14_run3
64	27975.0	BC14_run3
65	24597.5	BC14_run3
66	20812.5	BC14_run3
67	21620.5	BC14_run3
68	22752.0	BC14_run3
69	21167.5	BC14_run3
70	17131.5	BC14_run3
71	11725.5	BC14_run3
72	8858.5	BC14_run3
73	7669.5	BC14_run3
74	5999.0	BC14_run3
75	4618.0	BC14_run3
76	3607.5	BC14_run3
77	4206.5	BC14_run3
78	3581.5	BC14_run3
79	1853.5	BC14_run3
80	1587.0	BC14_run3
81	1423.0	BC14_run3
82	717.0	BC14_run3
83	341.5	BC14_run3
84	511.0	BC14_run3
85	292.5	BC14_run3
86	64.5	BC14_run3
87	34.5	BC14_run3
88	18.0	BC14_run3
89	17.5	BC14_run3
90	17.0	BC14_run3
91	23.0	BC14_run3
92	30.0	BC14_run3
93	28.5	BC14_run3
94	34.5	BC14_run3
95	44.0	BC14_run3
96	44.5	BC14_run3
97	78.0	BC14_run3
98	217.0	BC14_run3
99	226.5	BC14_run3
100	131.0	BC14_run3
0	1.0	BC15_run3
1	1.0	BC15_run3
2	1.5	BC15_run3
3	2.0	BC15_run3
4	2.5	BC15_run3
5	3.0	BC15_run3
6	3.5	BC15_run3
7	3.5	BC15_run3
8	3.0	BC15_run3
9	4.0	BC15_run3
10	5.5	BC15_run3
11	52.0	BC15_run3
12	111.5	BC15_run3
13	114.0	BC15_run3
14	252.0	BC15_run3
15	453.5	BC15_run3
16	509.5	BC15_run3
17	585.0	BC15_run3
18	1151.0	BC15_run3
19	2033.0	BC15_run3
20	2535.5	BC15_run3
21	3977.5	BC15_run3
22	6429.5	BC15_run3
23	10398.0	BC15_run3
24	13571.5	BC15_run3
25	16890.0	BC15_run3
26	23704.5	BC15_run3
27	30792.0	BC15_run3
28	34660.5	BC15_run3
29	41279.5	BC15_run3
30	51736.5	BC15_run3
31	61924.5	BC15_run3
32	68097.0	BC15_run3
33	77804.5	BC15_run3
34	93135.5	BC15_run3
35	105404.0	BC15_run3
36	111481.5	BC15_run3
37	117143.0	BC15_run3
38	126573.5	BC15_run3
39	134797.0	BC15_run3
40	141094.0	BC15_run3
41	153807.5	BC15_run3
42	176561.5	BC15_run3
43	185641.0	BC15_run3
44	181822.5	BC15_run3
45	182889.5	BC15_run3
46	187048.5	BC15_run3
47	186727.0	BC15_run3
48	184663.0	BC15_run3
49	183406.5	BC15_run3
50	178332.0	BC15_run3
51	171129.0	BC15_run3
52	164206.5	BC15_run3
53	142617.0	BC15_run3
54	115998.0	BC15_run3
55	97929.5	BC15_run3
56	86808.5	BC15_run3
57	83043.0	BC15_run3
58	74928.5	BC15_run3
59	64889.5	BC15_run3
60	58164.0	BC15_run3
61	51689.0	BC15_run3
62	44526.5	BC15_run3
63	33417.5	BC15_run3
64	24485.0	BC15_run3
65	18756.5	BC15_run3
66	11787.0	BC15_run3
67	8295.5	BC15_run3
68	6680.5	BC15_run3
69	5497.0	BC15_run3
70	4000.5	BC15_run3
71	3266.5	BC15_run3
72	3061.5	BC15_run3
73	2433.0	BC15_run3
74	1896.0	BC15_run3
75	1665.0	BC15_run3
76	1456.5	BC15_run3
77	1081.5	BC15_run3
78	609.0	BC15_run3
79	553.0	BC15_run3
80	586.0	BC15_run3
81	360.0	BC15_run3
82	94.5	BC15_run3
83	42.0	BC15_run3
84	38.5	BC15_run3
85	31.5	BC15_run3
86	26.5	BC15_run3
87	18.0	BC15_run3
88	7.5	BC15_run3
89	6.0	BC15_run3
90	7.5	BC15_run3
91	5.5	BC15_run3
92	4.5	BC15_run3
93	4.5	BC15_run3
94	4.0	BC15_run3
95	2.5	BC15_run3
96	0.5	BC15_run3
97	1.0	BC15_run3
98	2.5	BC15_run3
99	2.0	BC15_run3
100	1.0	BC15_run3
0	1.0	BC10_run2
1	1.0	BC10_run2
2	1.5	BC10_run2
3	2.0	BC10_run2
4	2.0	BC10_run2
5	1.0	BC10_run2
6	10.5	BC10_run2
7	22.5	BC10_run2
8	24.5	BC10_run2
9	26.5	BC10_run2
10	49.5	BC10_run2
11	110.0	BC10_run2
12	146.5	BC10_run2
13	186.5	BC10_run2
14	355.0	BC10_run2
15	713.5	BC10_run2
16	1041.0	BC10_run2
17	1540.5	BC10_run2
18	2553.5	BC10_run2
19	4302.0	BC10_run2
20	5679.5	BC10_run2
21	7288.5	BC10_run2
22	10950.5	BC10_run2
23	16272.5	BC10_run2
24	19757.0	BC10_run2
25	24309.5	BC10_run2
26	32631.5	BC10_run2
27	42033.5	BC10_run2
28	47997.0	BC10_run2
29	54990.5	BC10_run2
30	68085.5	BC10_run2
31	84773.0	BC10_run2
32	95091.0	BC10_run2
33	106997.0	BC10_run2
34	128776.5	BC10_run2
35	149447.0	BC10_run2
36	160006.0	BC10_run2
37	170244.0	BC10_run2
38	187786.0	BC10_run2
39	199114.0	BC10_run2
40	203444.5	BC10_run2
41	216791.5	BC10_run2
42	247358.5	BC10_run2
43	263285.5	BC10_run2
44	259789.0	BC10_run2
45	264470.0	BC10_run2
46	277177.0	BC10_run2
47	286463.0	BC10_run2
48	290584.5	BC10_run2
49	307236.5	BC10_run2
50	341103.0	BC10_run2
51	389609.5	BC10_run2
52	418910.0	BC10_run2
53	386649.5	BC10_run2
54	366721.5	BC10_run2
55	356601.5	BC10_run2
56	337720.5	BC10_run2
57	320859.0	BC10_run2
58	289619.5	BC10_run2
59	296692.0	BC10_run2
60	303941.0	BC10_run2
61	280577.5	BC10_run2
62	278854.5	BC10_run2
63	275489.5	BC10_run2
64	260677.0	BC10_run2
65	213502.5	BC10_run2
66	135976.0	BC10_run2
67	108318.0	BC10_run2
68	111863.5	BC10_run2
69	88895.5	BC10_run2
70	56687.5	BC10_run2
71	50418.5	BC10_run2
72	53381.0	BC10_run2
73	55022.0	BC10_run2
74	61651.5	BC10_run2
75	56952.0	BC10_run2
76	45773.5	BC10_run2
77	47435.5	BC10_run2
78	46318.0	BC10_run2
79	28750.5	BC10_run2
80	15117.5	BC10_run2
81	10325.5	BC10_run2
82	4006.5	BC10_run2
83	1733.5	BC10_run2
84	1546.5	BC10_run2
85	2210.0	BC10_run2
86	1644.5	BC10_run2
87	289.5	BC10_run2
88	272.0	BC10_run2
89	158.0	BC10_run2
90	50.5	BC10_run2
91	46.0	BC10_run2
92	42.0	BC10_run2
93	33.0	BC10_run2
94	21.0	BC10_run2
95	13.5	BC10_run2
96	14.0	BC10_run2
97	14.0	BC10_run2
98	11.5	BC10_run2
99	9.0	BC10_run2
100	8.0	BC10_run2
