Name,%GC,Duplicates pct,Exonic Rate,Sequences flagged as poor quality,Mapped reads,Median insert size,Fragment Length Mean,Intronic Rate,Intergenic Rate,Mapping Rate,Quality format,Duplication Rate of Mapped,Duplicates,Mapped reads pct,Mapped,rRNA,Sequence length,Transcripts Detected,Total reads,rRNA_rate,5'-3' bias,avg_coverage_per_region,Mean Per Base Cov.,Genes Detected,starting_material,sort_date,insert_size,half_amplified,compartment,barcode_id,barcode
BC5_run3,49,0%,0.698,0,2637833,182,100.0,0.16899999999999998,0.133,0.7612482411841057,standard,0.0,0,77.9949%,2372928,24388,25-75,0,3382059,0.0311074602802,2.58,NA,0,0,100,Feb15,335,yes,growthcone,BC5,ACCTCA
BC12_run3,50,0%,0.595,0,8818433,243,90.0,0.2167,0.1883,0.8265763633067161,standard,0.0,0,83.1893%,8493435,32621,25-75,0,10600437,0.0125433640256,0.97,NA,0,0,100,Oct14,325,no,soma,BC12,GAGTCA
BC5_run1,49,0%,0.6978,0,3742540,182,90.0,0.16829999999999998,0.13390000000000002,0.7553526191426304,standard,0.0,0,77.4241%,3369341,35037,25-75,0,4833819,0.0314794449656,2.39,NA,0,0,100,Feb15,335,yes,growthcone,BC5,ACCTCA
BC6_run3,46,0%,0.642,0,363037,136,0.0,0.2162,0.1418,0.7337987591563664,standard,0.0,0,74.9095%,335189,3175,25-75,0,484634,0.0303848104658,NaN,NA,0,0,100,Jun15,NA,yes,growthcone,BC6,GTGCTT
BC16_run3,44,0%,0.6182,0,19857418,119,85.0,0.2071,0.1747,0.9752150921476507,standard,0.0,0,97.6319%,18951193,195520,25-75,0,20339059,0.0329222430905,1.16,NA,0,0,100,Feb15,300,no,soma,BC16,TTGGCA
BC8_run2,49,0%,0.6726000000000001,0,4542354,261,77.0,0.2087,0.1186,0.9596995654041975,standard,0.0,0,96.1502%,4331056,15068,25-75,0,4724227,0.0101743096655,0.99,NA,0,0,100,Jun15,350,no,soma,BC8,GTCGTA
BC6_run1,45,0%,0.6413,0,2379007,136,38.0,0.21710000000000002,0.1416,0.723186961793808,standard,0.0,0,73.9082%,2194176,21331,25-75,0,3218868,0.0313327624271,NaN,NA,0,0,100,Jun15,NA,yes,growthcone,BC6,GTGCTT
BC7_run2,48,0%,0.6365,0,7008368,192,99.0,0.2263,0.13720000000000002,0.9382153161598652,standard,0.0,0,94.298%,6435247,61575,25-75,0,7432151,0.0312591537412,0.65,NA,0,0,100,Jun15,345,no,growthcone,BC7,AAGCCT
BC8_run3,49,0%,0.6696,0,10318605,258,101.0,0.209,0.12140000000000001,0.957868389971173,standard,0.0,0,95.9744%,9839863,34616,25-75,0,10751409,0.0103325267141,0.96,NA,0,0,100,Jun15,350,no,soma,BC8,GTCGTA
BC10_run1,51,0%,0.48369999999999996,0,5089259,217,87.0,0.2901,0.2261,0.6879926023425539,standard,0.0,0,69.7483%,4867322,21661,25-75,0,7296609,0.0183613388748,0.81,NA,0,0,100,Oct14,350,no,growthcone,BC10,GGAGAA
BC15_run2,45,0%,0.632,0,7540617,137,59.0,0.20440000000000003,0.1636,0.9621610885424495,standard,0.0,0,96.3769%,7208228,78740,25-75,0,7824095,0.0341641222914,102.26,NA,0,0,50,Feb15,NA,no,soma,BC15,CACAGT
BC11_run1,50,0%,0.6709,0,4695753,260,57.0,0.1889,0.1401,0.9493157009579365,standard,0.0,0,95.1274%,4504990,18198,25-75,0,4936276,0.0117574697212,0.96,NA,0,0,50,Oct14,325,no,soma,BC11,AGCATG
BC6_run2,46,0%,0.6399,0,1955614,135,38.0,0.2168,0.1433,0.715178916303795,standard,0.0,0,73.1594%,1801555,17709,25-75,0,2673086,0.0317698662576,NaN,NA,0,0,100,Jun15,NA,yes,growthcone,BC6,GTGCTT
BC7_run3,48,0%,0.636,0,15446802,191,138.0,0.22579999999999997,0.1382,0.9390785691277784,standard,0.0,0,94.3792%,14180447,137270,25-75,0,16366739,0.0316504145197,0.65,NA,0,0,100,Jun15,345,no,growthcone,BC7,AAGCCT
BC9_run3,50,0%,0.1746,0,82428,174,300.0,0.4569,0.36840000000000006,0.01799657702475796,standard,0.0,0,2.28916%,64479,9,25-75,0,3600797,0.00196979645437,NaN,NA,0,0,50,Oct14,NA,no,growthcone,BC9,AAGAGG
BC10_run3,51,0%,0.49229999999999996,0,11953388,215,59.0,0.2827,0.225,0.6869570155904953,standard,0.0,0,69.6717%,11418458,52851,25-75,0,17156724,0.0187844003927,0.78,NA,0,0,100,Oct14,350,no,growthcone,BC10,GGAGAA
BC9_run1,50,0%,0.1684,0,50029,174,300.0,0.4592,0.3724,0.016999882143130047,standard,0.0,0,2.14992%,39378,3,25-75,0,2327020,0.00113895216401,NaN,NA,0,0,50,Oct14,NA,no,growthcone,BC9,AAGAGG
BC12_run2,50,0%,0.5954999999999999,0,3899955,245,117.0,0.2158,0.1887,0.8288256771741027,standard,0.0,0,83.4039%,3757550,14086,25-75,0,4675988,0.0122158509468,0.98,NA,0,0,100,Oct14,325,no,soma,BC12,GAGTCA
BC5_run2,49,0%,0.6995999999999999,0,3388212,183,112.0,0.1673,0.1331,0.7562647714261335,standard,0.0,0,77.519%,3048830,31987,25-75,0,4370814,0.0316935808287,2.4,NA,0,0,100,Feb15,335,yes,growthcone,BC5,ACCTCA
BC16_run2,44,0%,0.6148,0,8648469,119,55.0,0.2079,0.1773,0.9744409669768058,standard,0.0,0,97.5575%,8255154,83434,25-75,0,8864997,0.0324293986021,1.17,NA,0,0,100,Feb15,300,no,soma,BC16,TTGGCA
BC9_run2,50,0%,0.16820000000000002,0,59736,174,300.0,0.46380000000000005,0.368,0.017406185290568622,standard,0.0,0,2.21402%,46737,3,25-75,0,2698079,0.000967429861335,NaN,NA,0,0,50,Oct14,NA,no,growthcone,BC9,AAGAGG
BC8_run1,49,0%,0.6733,0,4407092,260,79.0,0.20800000000000002,0.1186,0.9586280374428786,standard,0.0,0,96.0479%,4201868,14828,25-75,0,4588434,0.010313193348,0.95,NA,0,0,100,Jun15,350,no,soma,BC8,GTCGTA
BC11_run2,50,0%,0.6707,0,4844240,259,75.0,0.18989999999999999,0.1394,0.9501952332465425,standard,0.0,0,95.2114%,4648204,18662,25-75,0,5087877,0.0116872486744,0.95,NA,0,0,50,Oct14,325,no,soma,BC11,AGCATG
BC15_run1,45,0%,0.6311,0,6253429,136,82.0,0.2047,0.1642,0.9609233764427757,standard,0.0,0,96.2585%,5977150,65138,25-75,0,6496494,0.0341455692221,128.98,NA,0,0,50,Feb15,NA,no,soma,BC15,CACAGT
BC12_run1,50,0%,0.5946,0,3760827,245,123.0,0.21539999999999998,0.19,0.8284355600139331,standard,0.0,0,83.3709%,3622163,13588,25-75,0,4510957,0.0122443977465,0.95,NA,0,0,100,Oct14,325,no,soma,BC12,GAGTCA
BC7_run1,48,0%,0.6371,0,6674524,192,109.0,0.2257,0.13720000000000002,0.9374164680204743,standard,0.0,0,94.2245%,6128048,58679,25-75,0,7083643,0.0312560756764,0.69,NA,0,0,100,Jun15,345,no,growthcone,BC7,AAGCCT
BC11_run3,50,0%,0.6724,0,10752222,259,78.0,0.1887,0.1389,0.9502375609110453,standard,0.0,0,95.2188%,10309534,42281,25-75,0,11292116,0.0119040747968,0.94,NA,0,0,50,Oct14,325,no,soma,BC11,AGCATG
BC14_run2,47,0%,0.4579,0,743669,90,-50.0,0.1884,0.35369999999999996,0.17865459861427455,standard,0.0,0,18.6306%,706483,7506,25-75,0,3991649,0.0462981810107,NaN,NA,0,0,100,Feb15,NA,no,growthcone,BC14,TCAGAG
BC16_run1,44,0%,0.613,0,8241904,118,67.0,0.20879999999999999,0.1782,0.9738864997282553,standard,0.0,0,97.5052%,7864711,80229,25-75,0,8452786,0.0328530146078,1.36,NA,0,0,100,Feb15,300,no,soma,BC16,TTGGCA
BC14_run1,47,0%,0.45840000000000003,0,706086,90,-56.0,0.18989999999999999,0.3517,0.17891617957849323,standard,0.0,0,18.6582%,670753,7241,25-75,0,3784312,0.0469996430078,NaN,NA,0,0,100,Feb15,NA,no,growthcone,BC14,TCAGAG
BC14_run3,47,0%,0.45909999999999995,0,328264,90,-61.0,0.18760000000000002,0.3533,0.1825230567690697,standard,0.0,0,19.0179%,312098,3309,25-75,0,1726076,0.04604787086,NaN,NA,0,0,100,Feb15,NA,no,growthcone,BC14,TCAGAG
BC15_run3,45,0%,0.6343,0,3054149,137,73.0,0.2041,0.1617,0.962112299121682,standard,0.0,0,96.3713%,2920235,31936,25-75,0,3169147,0.0340566387838,NaN,NA,0,0,50,Feb15,NA,no,soma,BC15,CACAGT
BC10_run2,51,0%,0.48469999999999996,0,5270972,217,82.0,0.2894,0.2259,0.6872450960060831,standard,0.0,0,69.6773%,5040516,22539,25-75,0,7564835,0.0184159910841,0.78,NA,0,0,100,Oct14,350,no,growthcone,BC10,GGAGAA
growthcone_2014_3,51,0%,0.4125,0,16650514,200,139.0,0.26839999999999997,0.3191,0.3958605823342158,standard,0.0,0,40.7987%,15831372,117717,25-100,0,40811434,0.0353559290268,6.81,NA,0,0,NA,2014,NA,,growthcone,ACCTCA,group3
soma_2014_1,50,0%,0.6923,0,106,194,0.0,0.1635,0.1442,1.0,standard,0.0,0,100%,104,2,50-100,0,106,0.0555555555556,NaN,NA,0,0,NA,2014,NA,,soma,NA,group1
growthcone_2014_1,47,0%,0.7193,0,118,195,0.0,0.1754,0.10529999999999999,0.8260869565217391,standard,0.0,0,83.0986%,114,3,41-100,0,142,0.075,NaN,NA,0,0,NA,2014,NA,,growthcone,NA,group1
soma_2014_2,52,0%,0.5532,0,38998006,233,101.0,0.28350000000000003,0.16329999999999997,0.9340587947756215,standard,0.0,0,93.576%,37923043,271319,25-100,0,41675237,0.0254259223163,1.03,NA,0,0,NA,2014,NA,,soma,AGTGAG,group2
growthcone_2014_2,44,0%,0.7433,0,18814180,205,177.0,0.124,0.13269999999999998,0.4451150903053875,standard,0.0,0,45.9907%,17723667,315833,25-100,0,40908680,0.0491079397282,0.84,NA,0,0,NA,2014,NA,,growthcone,GCACTA,group2
soma_2014_3,44,0%,0.2619,0,34465247,257,94.0,0.3859,0.3522,0.9446091221316689,standard,0.0,0,94.7211%,32756049,186244,25-100,0,36386027,0.0401796135125,0.92,NA,0,0,NA,2014,NA,,soma,AAGCCT,group3
